Sr no,Raw,Kanji,Hint,Sentence,Hiragana,Meaning,Page no.
1,相子,相子,,,あいこ,"draw, tie​",148
2,合図,合図,,,あいず,"sign, signal",87
3,愛想がいい＊,愛想がいい,/悪い、人に接する時の態度、表情,彼女はいつも愛想がいい人です。,あいそがいい,"Friendly, sociable, pleasant demeanor",12
4,間柄,間柄,,,あいだがら,"Relationship, connection",89
5,相次ぐ＊,相次ぐ,,,あいつぐ,To happen in succession,92
6,生憎,生憎,,,あいにく,"unfortunately, sorry, but ...​",58
7,合間,合間,,,あいま,"interval, break, pause",73
8,敢えて,敢えて,,,あえて,"Boldly, daringly",58
9,仰向け＊,仰向け,,寝るとき、私は通常仰向けに寝ます。,あおむけ,"Face up, lying on one's back",17
10,垢+,垢,,,あか,"Grime, dirt",139
11,足掻く＊,足掻く,implies a sense of desperate or violent struggle,水中で足掻く～て泳ぎました。,あがく,"To struggle, to kick, to flail one's legs",17
12,明かす,明かす,,,あかす,"To reveal, make clear",70
13,赤の他人＊,赤の他人,,,あかのたにん,A total stranger,148
14,赤らめる,赤らめる,,,あからめる,To blush,30
15,呆れる,呆れる,Aについて①びっくりする②？,彼に何回注意してもカンニングを止めない。彼に呆れる～てしまう。,あきれる,"to be amazed, to be shocked",15
16,悪どい,悪どい,やり方が悪い、1000円のものを一万に売ること,,あくどい,"showy, crooked, vicious",38
17,痣+,痣,体を強くぶつけた時にできる、色が紫色になる。,,あざ,Bruise,139
18,浅ましい,浅ましい,,彼の浅ましい嘘には誰もが失望しました。,あさましい,"Wretched, shameful, mean",14
19,欺く,欺く,嘘を言って騙す,警察の目が欺く～た。,あざむく,To deceive,18
20,鮮やか,鮮やか,X ぼんやり、色がはっきりすること、濃い色,,あざやか,"Brilliant, vivid",36
21,嘲笑う＊,嘲笑う,馬鹿にするように笑う、N3? 私はN1 持っています、hahaha,嘲笑うことは他人を傷つける行為です。,あざわらう,To ridicule,18
22,足が出る＊,足が出る,(予算オーバーになる),一万円〜足が出る,あしがでる,"to exceed the budget, to overrun the budget",145
23,足が早い＊,足が早い,,,あしがはやい,Fast runner,145
24,足が棒になる＊,足が棒になる,,,あしがぼうになる,Legs become like sticks (used to describe extreme fatigue),145
25,悪しからず,悪しからず,,,あしからず,Please don't take it the wrong way,146
26,足首,足首,,サッカーの試合で足首を怪我しました。,あしくび,Ankle,22
27,足を引っ張る＊,足を引っ張る,,,あしをひっぱる,"To hold back, hinder someone's progress",145
28,焦る,焦る,心の中に慌てる、物事を早くやろうと思って落ち着かない,試験前に焦る～ずに、じっくり勉強しましょう。,あせる,"to be in a hurry, to be impatient",15
29,値する,値する,,,あたいする,"To deserve, be worth",93
30,与える,与える,,①賞を ②給料を ③彼は教育に多くの時間を与える～ています。,あたえる,"To give (esp. To someone of lower status), to present, to award",21
31,頭が切れる＊,頭が切れる,,,あたまがきれる,To be sharp-witted,143
32,頭が下がる＊,頭が下がる,,,あたまがさがる,"To show respect, deference",143
33,頭を抱える＊,頭を抱える,,,あたまをかかえる,"To be at a loss, deeply concerned",143
34,頭を冷やす＊,頭を冷やす,,,あたまをひやす,"To cool down, calm down (emotionally)",143
35,アダルトサイト,アダルトサイト,,,あだるとさいと,Adult website,124
36,暑苦しい＊,暑苦しい,,,あつくるしい,"Sultry, oppressive (weather)",36
37,呆気ない,呆気ない,思ったよりも簡単,,あっけない,"Disappointing, underwhelming",38
38,あっさり＊＊,あっさり,①複雑ではない味が濃くない油っぽくない ②時間をかけずに簡単に,あっさり①した味。②罪を認めた。,あっさり,"easily, readily, quickly",52
39,圧倒的(な),圧倒的,,①バスケットボールはアメリカが ②反対意見を圧倒的①に強い。②に多い。,あっとうてき,overwhelming,40
40,アットホーム,アットホーム,"Wasei, word made in Japan, From English",,あっとほーむ,"At home, friendly",122
41,アトピー,アトピー,"性皮膚炎, Medicine",アトピーの症状が出ることがあります。,アトピー,"Atopy, predisposition toward allergies",23
42,後回し＊,後回し,,,あとまわし,"Postponement, putting something off",68
43,アフターケア,アフターケア,,,あふたーけあ,Aftercare,121
44,アフターサービス,アフターサービス,"Wasei, word made in Japan, From English",,あふたーさーびす,After-sales service,121
45,あべこべ,あべこべ,,,あべこべ,"Upside down, reversed",148
46,危うい,危うい,危険が近づいていること,,あやうい,"Dangerous, in danger",38
47,操る,操る,,,あやつる,"To operate (e.g. A machine), to handle, to manage",90
48,危ぶむ,危ぶむ,,,あやぶむ,"To fear, to doubt",90
49,あやふや(な)＊＊,あやふや,はっきりしない、曖昧は固い表現,あやふやな気持ち、返事,あやふや,"uncertain, indefinite",38
50,過ち,過ち,,,あやまち,"Fault, error, indiscretion",94
51,誤り,誤り,,,あやまり,"Error, mistake, slip",94
52,歩み,歩み,,人生の歩みは誰にも予測できません。,あゆみ,A walk or progress,20
53,歩む,歩む,①人生を送る ②???,①人生の道を共に ②②優勝を目指して歩む ①ことができて幸せです。②〜おう。,あゆむ,To walk (with efforts) (Dictionary form),20
54,予め,予め,,予めご連絡ください。,あらかじめ,"beforehand, in advance",54
55,荒らす,荒らす,,公園でゴミを捨てるのは環境を荒らす行為です。,あらす,"To lay waste, to damage",90
56,改まる,改まる,,,あらたまる,"To be renewed, to change",90
57,荒っぽい,荒っぽい,人、海,①子供たちは②彼は荒っぽい①遊びが好きです。②～く見えますが、実は優しい性格の人なんです。,あらっぽい,"Wild, violent, rough-mannered, rude",13
58,凡ゆる,凡ゆる,考えられる、全て,凡ゆる機会,あらゆる,"all, every",41
59,あり触れる,あり触れる,平凡な話,,ありふれる,"Common, ordinary",34
60,アルコール,アルコール,,,あるこーる,Alcohol,122
61,アルツハイマー,アルツハイマー,"病, disease",アルツハイマーは高齢者に多く見られる認知症です。,アルツハイマー,Alzheimer's,23
62,合わす,合わす,声、力を,この服はきれいに合わす～せていますね。,あわす,To match or fit,21
63,合わせる顔がない＊,合わせる顔がない,,,あわせるかおがない,"To be too embarrassed, ashamed to face someone",142
64,アンケート,アンケート,From French “enquête”,,あんけーと,"Survey, questionnaire",133
65,案じる,案じる,,,あんじる,"To be concerned, worried",93
66,安静,安静,,医者の指示に従って安静にしてください。,あんせい,"Rest, quiet, repose",22
67,案の定＊,案の定,,,あんのじょう,"Just as one thought, as usual, sure enough",58
68,言い付ける＊,言い付ける,①命令する ②相手に知られるように、こっそり知らせる=告げ口する,①部長に仕事を ②ドアを壊したのは田中さんだと先生に言い付ける①～られた。②～た。,いいつける,To order or command,18
69,言い張る＊,言い張る,,,いいはる,"To insist, assert",131
70,言い訳＊,言い訳,,言い訳などしないで、兎に角勉強しなさい。,いいわけ,excuse,89
71,家出,家出,,,いえで,Running away from home,69
72,生かす,生かす,,,いかす,"To make the most of, utilize",75
73,如何なる,如何なる,どんな、どのような,如何なる時,いかなる,"any kind of, every, whatsoever",41
74,如何に,如何に,,,いかに,How to do it,139
75,如何にも,如何にも,,,いかにも,"indeed, really, truly","56, 139"
76,イカれる＊＊,イカれる,①ダメになる、壊れる②考え方が変、可笑しい。,①エンジンが②あいつの頭、イカれる①。②～ている！,いかれる,"to become broken, to break down",33
77,息が切れる＊,息が切れる,,,いきがきれる,To be out of breath,144
78,息が詰まる＊,息が詰まる,,,いきがつまる,To have one's breath taken away,144
79,息が長い＊,息が長い,,,いきがながい,"To have a long life, patience",144
80,息苦しい＊,息苦しい,息が切れる,息苦しい雰囲気,いきぐるしい,"Suffocating, hard to breathe",36
81,意気込む＊,意気込む,ある事を実現しようと強い気持ちを持つ,『合格するぞ！』、『彼女できるぞ！』と意気込む。,いきごむ,"To be enthusiastic, motivated",31
82,行き違い＊,行き違い,,,いきちがい,"Misunderstanding, miscommunication",148
83,息の合う＊,息の合う,,,いきのあう,To get along well,144
84,息もつかずに,息もつかずに,,,いきもつかずに,Without a moment's rest,144
85,息を抜く＊,息を抜く,,,いきをぬく,"To take a break, rest",144
86,息をのむ＊,息をのむ,,,いきをのむ,To take one's breath away,144
87,息を引きとる＊,息を引きとる,,,いきをひきとる,"To die, pass away",144
88,生ける,生ける,花瓶に花を差す、形良く,①彼女は庭に美しい花々を ②花器に花を生ける①のが得意です。②。,いける,To arrange flowers,20
89,意向,意向,,,いこう,"Intention, purpose",72
90,いざという時＊,いざという時,,,いざというとき,"at the critical moment, when the time comes",54
91,潔い,潔い,汚れがなく、立派である,潔い～く迷うこと近く決心する,いさぎよい,"Honest, pure, virtuous",12
92,いざ知らず,いざ知らず,,,いざしらず,"Who knows, it's hard to say",146
93,いざという時＊,いざという時,,,いざというとき,"at the critical moment, when the time comes, when it's most important",146
94,勇ましい,勇ましい,,彼は困難な状況にも勇ましい顔をして立ち向かいます。,いさましい,"Brave, valiant, courageous",12
95,意志,意志,〜しようと思う気持ち、意志薄弱,,いし,"Will, determination",72
96,意思,意思,,日本に留学する意思が固い。,いし,"Thoughts,wish, purpose",72
97,意地,意地,,,いじ,"Willpower, determination, stubbornness",72
98,意識,意識,頭で考えること,意識を失った男性を助けました。,いしき,"Consciousness, becoming aware (of)",22
99,意識不明,意識不明,"unresponsive or unaware of their surroundings due to various reasons such as injury, illness, or anesthesia",事故の後、彼は意識不明の状態で病院に運ばれました。,いしきふめい,Unconsciousness,22
100,意地っ張り＊,意地っ張り,,,いじっぱり,Stubborn,72
101,弄る,弄る,①手で触る。②趣味としてAをする,①髪の毛を ②パソコンを ③庭を ④スマホを弄る。,いじる,"To tinker with, to tamper with, to play with",16
102,何ずれにしても＊,何ずれにしても,,,いずれにしても,"anyhow, at all events, in any case",59
103,何ずれにせよ＊,何ずれにせよ,,,いずれにせよ,"at any rate, in any event, either way",59
104,何ずれも＊,何ずれも,,,いずれも,"any, all, every, both",59
105,至って,至って,,,いたって,"Extremely, exceedingly",56
106,痛ましい,痛ましい,見て痛みを感じる,災害の被害を見ると、痛ましい気持ちになります。,いたましい,"Pitiful, heart-breaking, touching",14
107,痛み,痛み,,けがをした後、痛みを感じることがよくあります。,いたみ,"Pain, damage, injury",22
108,至る所＊,至る所,行く先どこでも,,いたるところ,"everywhere, all over, throughout​",41
109,労る,労る,年上を優しくする、体を大事にする、慰める=悲しい時,彼は友達が悲しいときにいつも労る～てあげます。,いたわる,To show sympathy or care,18
110,一から十まで＊,一から十まで,,,いちからじゅうまで,"From beginning to end, thoroughly",146
111,一字違い,一字違い,,,いちじちがい,One-character difference,148
112,一同,一同,,,いちどう,"All together, everyone",140
113,市場②,市場,,,いちば,"Market, bazaar (outdoor sale)",74
114,一面,一面,,一晩中、雪が降り続き、辺り一面が真っ白になった。,いちめん,"One side, all over",140
115,一目,一目,惚れ(好きになる),彼女と出会って、一目で惚れました。 ,ひとめ,At a glance or first glance,140
116,一樣,一樣,,,いちよう,"The same, identical",140
117,一律(な),一律,,この規則は一律に適用されます。,いちりつ,"uniform, even, across-the-board, equal",140
118,一連,一連,,,いちれん,"In a row, in a series",140
119,一挙,一挙,,,いっきょ,"All at once, in one go",140
120,一見,一見,,,いっけん,"At first sight, initially",140
121,一向に〜ない＊,一向に〜ない,一向にに平気だ。①少しも、全く変化しない ②全く問題が無い,①病気が②日本語が一向に〜ない①に回復しない。②上達しない。③暖かくならない。,いっこうに〜ない,"Not at all, never",55
122,一切〜ない＊,一切〜ない,少しも、全く,私は日本に来てから一切〜ない国のインド料理を食べていない。,いっさい〜ない,"Not at all, nothing at all",55
123,一瞬,一瞬,,,いっしゅん,"A moment, an instant",140
124,一心,一心,,,いっしん,"Wholeheartedly, with one's whole heart",140
125,一新,一新,,,いっしん,"Complete renewal, overhaul",140
126,一斉,一斉,,,いっせい,"Simultaneous, all at once",140
127,一掃,一掃,,,いっそう,"Complete elimination, sweep",140
128,一帯,一帯,,,いったい,"Whole area, region",140
129,一変,一変,,,いっへん,"Complete change, transformation",140
130,意図,意図,,,いと,"Intention, purpose",72
131,愛しい,愛しい,人,家族とのひとときはいつも愛しい瞬間です。,いとしい,"Lovely, dear, beloved",12
132,意的,意的,,,いてき,Intentional,97
133,営む,営む,経営する,①会社を ②彼はレストランを営む②～でいます。,いとなむ,"To run (a business), to operate, to conduct",90
134,今更,今更,①今のなっては、今からではもう遅い ②今、初めて ③ここで,今更、①勉強しても、もう無理だよ。②言うまでもないが、③必要はないが、,いまさら,now (when it is already much too late),54
135,未だに〜ない＊,未だに〜ない,今でもまだ,別れて４年経つが、未だに〜ない元彼女が忘れられない。,いまだに,"still, even now, to this day",54
136,今に,今に,近い将来、いつか,今に困るよ。,いまに,"before long, even now",54
137,今にも,今にも,,,いまにも,"at any moment (now), at any minute",54
138,嫌々,嫌々,渋々、嫌だと思いながら、仕方がなく,,いやいや,unwillingly,50
139,嫌がらせ,嫌がらせ,相手が嫌だと思うことを言ったり、やったりする,彼女は同僚からの嫌がらせに苦しんでいます。,いやがらせ,Harassment or bullying,18
140,卑しい,卑しい,お金、食べ物,卑しい行為は他人を傷つけます。,いやしい,"Mean, lowly, base, despicable",13
141,嫌に,嫌に,,,いやに,"awfully, terribly​",56
142,嫌らしい,嫌らしい,ソフさん,彼の嫌らしい冗談は誰も笑いませんでした。,いやらしい,"Disgusting, obscene, unpleasant",13
143,意欲,意欲,,,いよく,"A will, motivation, ambition, urge (e.g. Creative urge)",94
144,色気がある＊,色気がある,,彼女はそのドレスで本当に色気がある～ます。,いろけがある,"Seductive, sexy, having sex appeal",12
145,インテリ,インテリ,,,いんてり,"Intellectual, intelligentsia",120
146,受け入れる＊,受け入れる,,,うけいれる,"To accept, to receive, to agree",126
147,受け継ぐ＊,受け継ぐ,,,うけつぐ,"To inherit, succeed",126
148,受け止める＊,受け止める,,,うけとめる,"To accept, receive",126
149,受ける,受ける,,年に一度、健康診断を受けるべきです,うける,"To receive, to catch (e.g. A ball), to be struck by (wind, waves, sunlight, etc.)","22, 102"
150,うざい＊＊,うざい,サスケ to 桜、俗語,彼の行動は本当にうざいです。,うざい,"annoying, noisy​",14
151,打ち上げ＊,打ち上げ,,,うちあげ,"Launch, liftoff",127
152,打ち明ける＊,打ち明ける,,,うちあける,"To confide, open up",127
153,打ち上げる＊,打ち上げる,,,うちあげる,"To launch, send up",127
154,打ち切る＊,打ち切る,,,うちきる,"To stop, to abort, to discontinue",127
155,打ち込む＊,打ち込む,,,うちこむ,"To devote oneself, plunge into",128
156,内訳,内訳,,,うちわけ,"Detailed breakdown, itemization",89
157,鬱陶しい,鬱陶しい,邪魔だ、気持ちが晴れない,彼のしつこい質問はとても鬱陶しい。,うっとおしい,"Annoying, irritating, bothersome",14
158,鬱病,鬱病,ストレスが溜まると,彼は鬱病の症状に悩んでおり、医師の治療を受けています。,うつびょう,Depression,23
159,うつ伏せ,うつ伏せ,息ができないような,彼はうつ伏せに寝て深い眠りにつきました。,うつぶせ,"Face down, lying on one's stomach",17
160,俯く,俯く,下に見て進む、恥、眠い,恥ずかしさで彼女は顔を俯く～せました。,うつむく,"To bow one's head, to look down, to hang one's head",16
161,虚ろ(な),虚ろ,ぼんやりした様子、生気がない,虚ろな目、表現,うつろ,"hollow (voice, smile, etc.), blank (eyes, look, etc.)",38
162,うとうと＊＊,うとうと,,,うとうと,"falling into a doze, dozing off",50
163,促す,促す,髪の毛が促進剤、進めること、早くするように,①進行を②先生は生徒たちを勉強するように促す②～ました。,うながす,To urge or prompt,21
164,頷く,頷く,賛成です、はい,彼女は同意を示すために頷く～ました。,うなずく,"To nod one's head, to agree by nodding",16
165,自惚れる＊,自惚れる,マウさん、自分が凄いと思っている,自分が一番頭がいいと自惚れる。,うぬぼれる,"To be conceited, arrogant",30
166,埋め立てる＊,埋め立てる,(→胸をえぐられるよう),,うめたてる,"To reclaim, to fill up",129
167,裏返し＊,裏返し,,,うらがえし,"Flip over, inside out, upside down",148
168,潤う,潤う,ちょうど良い頃水が取る、賑やかになる,喉が潤う。,うるおう,"To be moistened, enriched",32
169,上書き＊,上書き,,夏/冬は ビールの上書き,うわがき,"superscription (on a letter, parcel, etc.), address",68
170,浮気(な),浮気,,,うわき,"extramarital sex, affair",148
171,上の空(な)＊,上の空,,,うわのそら,"inattention, absent-mindedness",68
172,上回る＊,上回る,,,うわまわる,"To exceed, surpass",68
173,上向く＊,上向く,,,うわむく,"To face upward, improve",68
174,うんざり＊＊,うんざり,,,うんざり,"boring, being fed up with​",53
175,描く,描く,,この絵を描くのに３日間費やした。,えがく,"to depict, to describe​",92
176,抉る,抉る,,胸を抉る～られるような思いをした。,えぐる,"to hollow out, to bore, to excavate",147
177,エコ(な),エコ,,,エコ,"ecological, eco-​",120
178,エスカレーター,エスカレーター,,,エスカレーター,escalator,122
179,エリート,エリート,From French “élite”,,エリート,elite,123
180,演じる,演じる,,,えんじる,"To act (a part), to play (a role)",93
181,塩分,塩分,,,えんぶん,Salt content,67
182,円満,円満,平和的、穏やかな様子,円満に解決する。,えんまん,"Harmony, peace",37
183,お相子,お相子,,,おあいこ,"draw, tie​",148
184,追い込む＊,追い込む,,,おいこむ,"To corner, push into a tight spot",126
185,老いる,老いる,年を取る,,おいる,"To age, to grow old",126
186,追い出す＊,追い出す,,彼は悪い生徒を学校から追い出す～ました。,おいだす,"to expel, to drive out",31
187,オイルショック,オイルショック,,,オイルショック,"oil crisis (esp. 1973 OPEC oil crisis), oil shock",124
188,負う,負う,,,おう,"To bear, carry (responsibility, burden)",91
189,応急,応急,,,おうきゅう,"Emergency, first-aid",94
190,大方,大方,だいたい 80%〜90%、大部分、凡そ,,おおかた,"large part, greater part",41
191,大柄,大柄,相撲,彼はバスケットボールの選手として大柄です。,おおがら,"Large in stature, big-bodied",12
192,大げさ,大げさ,オバー,彼の話は大げさ,おおげさ,"Exaggeration, exaggerating",41
193,オーダーメイド,オーダーメイド,,,オーダーメイド,"made-to-order (esp. clothing), custom-made",124
194,大手,大手,,,おおて,"Major, leading company",79
195,オードブル,オードブル,From French “hors-d'œuvre”,,オードブル,"Hors d'oeuvre, the first course",133
196,大幅(な),大幅,変化が大きい,体重が大幅に変わる。,おおはば,"Big, large, drastic, full-width cloth",40
197,大まか,大まか,細かいことは気にしないで大事な部分だけ簡単に,大まかに話す。,おおまか,"Rough, approximate",41
198,概ね,概ね,100%では無いけど90%、ほとんど,,おおむね,"in general, generally, mostly",41
199,大目,大目,,,おおめ,"Generous, lenient",70
200,大家①,大家,,,おおや,"landlord, landlady",70
201,公(な),公,,,おおやけ,"official, governmental, public (use, matter, forum, etc.)",86
202,大凡,大凡,見当をつける、予想する,,おおよそ,"about, roughly, approximately",41
203,大らか(な),大らか,心が広い、細かいことを気にしない,彼は大らかな心を持っていて、人々に優しく接します。,おおらか,"Broad-minded, tolerant, easygoing",12
204,犯す,犯す,,,おかす,"To commit (e.g. Crime), to make (e.g. Mistake), to break (e.g. Rule), to violate",90
205,奢る,奢る,食事とかのお金を払って貰う,彼は友達に美味しい夕食を奢る～てあげました。,おごる,To treat or indulge,18
206,お産,お産,,お産は女性の生活で特別な瞬間の一つです。,おさん,Childbirth,22
207,押し切る＊,押し切る,,,おしきる,"To push through, overcome",130
208,押し込む＊,押し込む,,,おしこむ,"To push, shove in",130
209,お仕舞い＊,お仕舞い,,,おしまい,"the end, closing, being done for​",148
210,押し寄せる＊,押し寄せる,,,おしよせる,"To swarm, rush in",130
211,お節介,お節介,必要以上に人の世話をしたがる、in dream,彼は友達の問題にお節介を焼くことが好きです。,おせっかい,"Meddling, nosy, interference (sometimes used positively to mean caring or considerate)",13
212,煽てる,煽てる,褒めて、やる気にさせること、本当の気持ちがない,彼は上司を煽てる～て、プロジェクトへの参加を許可してもらいました。,おだてる,"to sweet talk, to flatter",18
213,落ち込む＊,落ち込む,,,おちこむ,"to feel down, to feel sad",128
214,おっかない＊＊,おっかない,森、怖い人住んでいる場所、俗語、話言葉、子供っぽい,,おっかない,"Scary, frightening",14
215,おっちょこちょい＊＊,おっちょこちょい,マウさん、不注意でミスが多い,彼女はとてもおっちょこちょいで、よく物を落とします。,おっちょこちょい,Careless or clumsy,13
216,お手上げ＊,お手上げ,,,おてあげ,"Surrender, giving up",66
217,おどおど＊＊,おどおど,怖い時,,おどおど,"timidly, nervously, hesitantly",50
218,脅す,脅す,怖い気持ちをさせて、金を出して殺す,彼は他の生徒を脅すような行動は許されない。,おどす,To threaten,18
219,同い年＊,同い年,,,おないどし,The same age,66
220,お似合い＊,お似合い,,,おにあい,"well-matched (esp. of a couple), becoming, suitable",148
221,自ずから,自ずから,,,おのずから,"Naturally, of its own accord",58
222,自ずと,自ずと,,,おのずと,"Automatically, naturally",58
223,怯える,怯える,怖がる,父親の怒鳴り声に怯える。,おびえる,"To be frightened, scared",30
224,夥しい,夥しい,吐き気なるぐらいすごく多い,,おびただしい,"large number, great many, immense",40
225,帯びる,帯びる,,,おびる,"To wear (sword, decoration, etc.), to carry",92
226,オファー,オファー,,,オファー,offer,122
227,オプション,オプション,,,オプション,"option, choice",122
228,お見合い＊,お見合い,,,おみあい,"Arranged marriage, matchmaking",148
229,お見舞い＊,お見舞い,お,彼女は友達が病気になったとき、病院へお見舞いに行きました。,おみまい,A visit,22
230,思い遣りがある＊,思い遣りがある,他の人のことを考えること,彼の思い遣りがある性格は多くの人から愛されています。,おもいやりがある,"Considerate, compassionate, thoughtful",12
231,思い遣る＊,思い遣る,人を,彼女はいつも友達の悩みを思い遣る優しい人です。,おもいやる,"To care for, to be considerate of",12
232,表向き＊,表向き,,,おもてむき,"Outwardly, publicly",85
233,重んじる,重んじる,,,おもんじる,"To respect, esteem",93
234,折り返す＊,折り返す,,,おりかえす,"To fold back, turn back",129
235,疎か(な),疎か,真面目にやらないこと,練習を疎かにする。,おろそか,"neglectful, careless",39
236,温和,温和,温厚なひと、気持ちが温かい、人に優しい、滅多に,①彼の②この地方は、気候が温和①な性格は他の人々に好かれます。②なので、ミカンの栽培に適している。,おんわ,"Gentle, mild, amiable","12, 86"
237,ガーゼ,ガーゼ,From German “Gaze”,,ガーゼ,"Gauze​, Gauze (thin, translucent fabric with a loose open weave)",121
238,会見,会見,,,かいけん,"Press conference, interview",72
239,買い込む＊,買い込む,,,かいこむ,"To stock up, buy in bulk",128
240,害する,害する,,,がいする,"To injure, to damage, to harm",93
241,回送,回送,,,かいそう,"Shipment, forwarding",68
242,回答,回答,,,かいとう,"Reply, answer",68
243,却って,却って,,,かえって,"on the contrary, rather",58
244,省みる,省みる,,,かえりみる,"To reflect on, look back on",92
245,顔が売れる＊,顔が売れる,,,かおがうれる,"To become well-known, famous",142
246,顔が利く＊,顔が利く,"あの店に信用があるから(chef, owner の知り合い) 、無理が言える",あの店には顔が利く,かおがきく,to have a lot of influence (in),142
247,顔が広い＊,顔が広い,知り合いが多い,彼は政界(政治の世界)には顔が広い,かおがひろい,"well connected, well known",142
248,顔から火が出る＊,顔から火が出る,,,かおからひがでる,"To be furious, extremely angry",147
249,顔を立てる＊,顔を立てる,,,かおをたてる,"To save face, preserve one's honor",142
250,科学的(な),科学的,,この理論は科学的に証明されています。 ,かがくてき,scientific,95
251,掻き回す＊,掻き回す,,,かきまわす,"to stir, to poke (a fire), to disturb (water)",129
252,家業,家業,親と同じ仕事する,家業を継ぐ。,かぎょう,"family business, family trade",70
253,限り無く＊,限り無く,終わりがない、無限,限り無く広がる大草原,かぎりなく,"Infinitely, limitlessly",40
254,掻く,掻く,皮膚を,犬は首を掻く～ているときに可愛く見えます。,かく,To scratch,22
255,画一的(な),画一的,,,がいってき,"Uniform, standardized",97
256,家計,家計,,,かけい,Household budget,70
257,重なる,重なる,自動詞,,かさなる,"to be piled up, to lie on top of one another",32
258,重ねる,重ねる,他動詞,①本、動力、経験を②書類をきちんと重ねる②～ておきます。,かさねる,"To pile up, layer",32
259,嵩張る＊,嵩張る,X 面積、体積 (一つ以上の面) が大きい,,かさばる,"To be bulky, take up space",32
260,嵩む,嵩む,支払う金額が増える,経費、本代が嵩む。,かさむ,"To increase in volume, quantity",32
261,傾げる,傾げる,,彼は興味を示して頭を傾げる～ました。,かしげる,"To tilt, to incline, to lean",16
262,微か(な),微か,,微か①な音が聞こえる。②にカレーのにおいがする。,かすか,"faint, dim, weak, poor",40
263,霞む,霞む,,朝の霞む山々の景色は美しいです。,かすむ,To become hazy,22
264,掠る,掠る,軽く触れて、通り過ぎる (擦り傷、擦傷),,かする,"To graze, skim",32
265,片思い＊,片思い,一歩的な恋、Aと両思い (お互いに好きだ),彼女は彼に片思いをしているが、まだ告白していません。,かたおもい,Unrequited love,18
266,片言,片言,,,かたこと,"Broken, halting speech",94
267,肩凝り＊,肩凝り,,長時間のパソコン作業の後、肩凝りがひどくなります。,かたこり,Stiff shoulders,25
268,片時も＊,片時も,少し時間も離れたく無い,彼女のことは片時も忘れない。,かたときも,Not even a moment,54
269,傾ける,傾ける,,,かたむける,"To incline, to tilt, to slant",92
270,偏る,偏る,バランスが悪い,偏る～た考え、食事,かたよる,"to lean (to one side), to incline",34
271,画期的(な),画期的,,,がっきてき,"Revolutionary, innovative",95
272,がっくり＊＊,がっくり,①すごく落ち込む様子 ②折れ曲る,がっくりと膝をつく。,がっくり,"heartbroken, dejected",52
273,がっしり＊＊,がっしり,すごく丈夫な感じ,がっしり①と握手する。②した体つき(様子)、建物、机,がっしり,"firmly, solidly, sturdily",52
274,合体,合体,,,がったい,"Combination, merger",79
275,がっちり＊＊,がっちり,しっかり,がっちりお金を貯める。,がっちり,"Solid, tight",52
276,勝手(な),勝手,相手の許可、Okもらわないで,,かって,"one's own convenience, one's way, selfishness",94
277,嘗て,嘗て,,,かつて,"once, before, formerly",54
278,活発(な),活発,マウさん,彼の子供は非常に活発で、いつも元気いっぱいです。,かっぱつ,"Active, lively, energetic",12
279,カテゴリー,カテゴリー,From German “Kategorie”,,かてごりー,Category,133
280,叶う,叶う,"①to come true (of a wish, prayer, etc.) ②to suit (e.g. a purpose)",願い、目標が叶う。,かなう,"To come true, be realized",31
281,叶える,叶える,,,かなえる,"To fulfill, grant (a wish)",31
282,金遣いが荒い＊,金遣いが荒い,使い方が良くない、乱歩な方,彼は金遣いが荒いため、貯金をすることが難しいです。,かねづかいがあらい,"Spendthrift, careless with money",13
283,予てから,予てから,"予てより (previously, already)",,かねてから,"since some time ago, for quite a while",54
284,庇う,庇う,他人から害を受けないように守る,彼は友人を庇うために自分を犠牲にしました。,かばう,To protect or defend,18
285,カプセル,カプセル,​From German “Kapsel”,,かぷせる,Capsule,133
286,気触れる＊,気触れる,,,きふれる,"To be touchy, irritable",34
287,花粉症,花粉症,,春になると、花粉症の症状が出始めます。,かふんしょう,"Hay fever, pollinosis (allergy to pollen)",23
288,構える,構える,,,かまえる,"To prepare, set up",92
289,噛み切る＊,噛み切る,,,かみきる,to bite off,129
290,過密,過密,,,かみつ,"Overcrowding, congestion",95
291,がみがみ＊＊,がみがみ,煩いこと思うこと,いつも母親にがみがみ言われる。,がみがみ,"nagging, griping",50
292,絡む,絡む,困ることを言う、相手に迷惑を掛ける,,からむ,"To get entangled, involved",35
293,仮に,仮に,,,かりに,"Supposing, even if, granting that",59
294,カルテ,カルテ,From German “Karte”,,カルテ,"patient's chart, clinical records​, record (e.g. student, equipment maintenance, etc.)",133
295,枯れる,枯れる,"to mature (of one's personality, abilities, etc.)",,かれる,"to wither (of a plant), to die",138
296,辛うじて,辛うじて,,,かろうじて,"barely, narrowly, only just",58
297,交わす,交わす,Aさんと言葉を変える (しっかり話し合う)、交わす (挨拶ぐらい),挨拶を交わす。,かわす,"To exchange (messages, greetings, arguments, etc.)",21
298,代わる代わる,代わる代わる,順番で,代わる代わる使ってください。,かわるがわる,"Alternately, one after another",51
299,癌+,癌,,癌の早期発見は治療の成功につながることがあります。,がん,cancer,23
300,かんかん＊＊,かんかん,①かなり、酷く ②日差しが強い,かんかん①に怒る ②照り付ける。,かんかん,Kankan (Guinea),48
301,がんがん＊＊,がんがん,頭が激しく痛い、酷く痛い (大きく音がする),,がんがん,"clanging, banging, loudly​",48
302,勘違い＊,勘違い,,,かんちがい,"misunderstanding, wrong guess",148
303,感に触わる＊,感に触わる,癪に障る＊、気に入らなくて腹が立つ,感情的に怒る上司に感に触わる。,かんにさわる,"To be offended or bothered by something, to take offense",15
304,カンパ,カンパ,,,かんぱ,"Contribution, donation",121
305,完ぺき,完ぺき,,,かんぺき,"Perfect, flawless",40
306,気合,気合,,,きあい,"Fighting spirit, determination",68
307,気がある＊,気がある,,,きがある,"To be interested, have a liking for",145
308,気が利く＊,気が利く,①細かいことまで良く気付く ②お洒落な様子、よくできた,①彼女は ②〜たプレゼントがなかなか見つからない気が利く,きがきく,"to be sensible, to be smart",145
309,着飾る＊,着飾る,,,きかざる,"To dress up, adorn oneself",130
310,気が散る＊,気が散る,,,きがちる,"to get distracted, to jump off the track",145
311,気兼ねする＊,気兼ねする,遠慮する、気を使う,気兼ねする～ないでリラックスして。,きがねする,"To feel uneasy, to be cautious, to hesitate",15
312,気が向かない＊,気が向かない,,,きがむかない,"Not in the mood, not inclined to",145
313,気管支炎,気管支炎,喉にワイルスが入る,寒い季節になると、気管支炎の症状が悪化しやすくなります。,きかんしえん,Bronchitis,23
314,帰国,帰国,,,きこく,Return to your country,76
315,気心,気心,,,きごころ,"One's true feelings, disposition",68
316,気障(な),気障,人、見につける物、話し方、行動、見せびらかす,,きざ,"Affected, pretentious, snobbish",13
317,気さく,気さく,,彼はとても気さくで、新しい友達を作りやすいです。,きさく,"Friendly, open, approachable",12
318,軋む,軋む,固いものが滑ってする音,,きしむ,"To creak, grate",32
319,築く,築く,,,きずく,"To build, to construct, to erect",92
320,気立てがいい＊,気立てがいい,人を思い遣りが良い,彼女は気立てがいいので、周りの人々に常に優しく接します。,きだてがいい,"Good-natured, pleasant disposition",12
321,来る②,来る,,,きたる,"next (e.g. ""next April""), forthcoming",146
322,きちっと＊＊,きちっと,,きちっとしてね。,きちっと,"exactly, perfectly",53
323,几帳面,几帳面,一つ一つのことを丁寧にする、+ve 印象,彼女は几帳面な性格で、計画的に行動します。,きちょうめん,"Methodical, punctual, neat",12
324,きっかり＊＊,きっかり,,,きっかり,"exactly, just, precisely​",52
325,きっぱり＊＊,きっぱり,はっきり,きっぱり断る、諦める,きっぱり,"clearly, plainly, distinctly",52
326,気長,気長,,,きなが,"Patient, long-suffering",68
327,気に障る＊,気に障る,気分が悪くなる,すぐに人のせいにする態度は気に障る。,きにさわる,"To be offended or bothered by something, to take offense",15
328,気品がある＊,気品がある,上品,彼女の服装と態度は本当に気品がある。,きひんがある,"Elegant, refined, dignified",12
329,気紛れ＊,気紛れ,好き嫌いもよく変わる、気分が変りやすい、Meghanaさん、二さん,彼女は気紛れで、その日の気分によって行動が変わります。,きまぐれ,"Fickle, whimsical, capricious",13
330,生真面目(な),生真面目,ルールは絶対、真面目過ぎる、-ve,,きまじめ,"Serious, diligent, earnest",12
331,気まずい,気まずい,気分がまずい、合わない,,きまずい,"Awkward, uncomfortable",43
332,決まりが悪い＊,決まりが悪い,他の人に見られない,新しい環境で彼は決まりが悪い感じがすることが多いです。,きまりがわるい,Feeling embarrassed or uncomfortable,14
333,気難しい＊,気難しい,年寄り人,その猫は気難しい性格で、なかなか他の人に懐かない。,きむずかしい,"Difficult, hard to please, finicky",13
334,客観的(な),客観的,,,きゃっかんてき,Objective,95
335,ギャップ,ギャップ,,,ぎゃっぷ,Gap,123
336,ギャラ,ギャラ,,,ぎゃら,"Fee, compensation",120
337,ぎゅっと＊＊,ぎゅっと,Xそっと、強い力で締めったり、押したりする、繋がる,私はあなたをぎゅっと抱きしめたい。,ぎゅっと,"tightly (hold, squeeze, etc.), firmly, forcefully (e.g. push)",53
338,強行,強行,,,きょうこう,"Enforcement, forcing",77
339,行事,行事,,,ぎょうじ,"Event, function",74
340,業者,業者,,彼は自営業者として成功しています。 ,ぎょうしゃ,"Merchant, trader",76
341,興じる,興じる,,子供たちはサッカーに興じる～ています。,きょうじる,"to amuse oneself, to make merry",93
342,矯正,矯正,歯を正しく治療する,子供の歯並びを矯正するために、矯正歯科医を訪れました。,きょうせい,Correction or orthodontics,22
343,強制的(な),強制的,,,きょうせいてき,"Coercive, compulsory",95
344,強烈,強烈,,,きょうれつ,"Intense, powerful",40
345,極端(な),極端,①一番欲しい ②0 と 100しかない、普通のレベルよりかなり外れている、私の意見、極端な意見,①彼は②彼女は極端①に大人しい。②に大きい服を着ている。,きょくたん,"Extreme, extremity",40
346,煌びやか(な),煌びやか,,煌びやかな宮殿、パーティー、結婚式,きらびやか,"gorgeous, dazzling",37
347,切りがいい＊,切りがいい,,,きりがいい,"Neat, tidy",146
348,切り替える＊,切り替える,,,きりかえる,"to change, to exchange, to convert",131
349,切りがない＊,切りがない,,,きりがない,"Never-ending, limitless",146
350,義理堅い＊,義理堅い,ちゃんと約束ないで,彼は義理堅い～く、約束を守ることに誇りを持っています。,ぎりがたい,"Obliging, dutiful, loyal to one's obligations",12
351,限り限り,限り限り,,,ぎりぎり,"Barely, just enough",50
352,切れ目＊,切れ目,する,,きれめ,"A break, pause",70
353,キレる＊＊,キレる,,,キレる,"to get angry, to lose one's temper",125
354,極めて,極めて,,,きわめて,"Extremely, exceedingly",40
355,気を配る＊,気を配る,,,きをくばる,"To be attentive, mindful",145
356,緊急,緊急,急いでやらなければならないこと,病院で緊急の輸血が行われました。 ,きんきゅう,"Urgent, emergency",37
357,禁じる,禁じる,,,きんじる,"To prohibit, forbid",93
358,勤勉,勤勉,,彼女の勤勉な態度は、仕事で成功するための大きな要因です。,きんべん,"Diligent, industrious",12
359,食い違い＊,食い違い,,,くいちがい,"Discrepancy, disagreement",148
360,空間,空間,,,くうかん,"Space, area",73
361,潜る②,潜る,何かの下を通り抜けること,鳥居、トンネルを潜る,くぐる,"to pass through, to go through",17
362,擽ったい,擽ったい,,,くすぐったい,"embarrassing, ticklish",36
363,草臥れる＊,草臥れる,①疲れる ②使いすぎて古くなる,,くたびれる,"To become tired, worn out",30
364,愚痴,愚痴,,,ぐち,"idle complaint, grumble",149
365,口が重い＊,口が重い,,,くちがおもい,incommunicative,143
366,口が肥える＊,口が肥える,,,くちがこえる,To have refined taste,143
367,口が滑る＊,口が滑る,,,くちがすべる,"To let something slip, say something unintended",143
368,口から先に生まれたよう＊,口から先に生まれたよう,,,くちからさきにうまれたよう,"Talks a lot, talks endlessly",147
369,口遊む＊,口遊む,歌を低い声で歌う,,くちずさむ,"To hum, to sing softly, to murmur",16
370,ぐちゃぐちゃ＊＊,ぐちゃぐちゃ,ものが混ざっている,もの、服はぐちゃぐちゃする。,ぐちゃぐちゃ,"pulpy, soppy",48
371,口を挟む＊,口を挟む,,,くちをはさむ,To cut into (a conversation),143
372,覆す,覆す,,,くつがえす,"To overturn, reverse",35
373,くっきり＊＊,くっきり,X ぼんやり、絵によく使う、はっきり、見えやすい状態,,くっきり,"clearly (standing out), distinctly",52
374,ぐっしょり＊＊,ぐっしょり,布などが水分をたくさん含んで重たくなった状態を指す,汗でシャツがぐっしょりしている。,ぐっしょり,"soaking (wet), dripping",52
375,ぐったり＊＊,ぐったり,,,ぐったり,"exhaustedly, unenergetically",52
376,首が回らない＊,首が回らない,,,くびがまわらない,Unable to turn one's head,144
377,首を縦に振る＊,首を縦に振る,Yes,,くびをたてにふる,To nod one's head,144
378,首を突っ込む＊,首を突っ込む,,,くびをつっこむ,"To meddle, get involved",144
379,首を長く＊,首を長く,,,くびをながく,"To eagerly await, look forward to",144
380,首を捻る＊,首を捻る,,,くびをひねる,"To ponder, think hard",144
381,首を横に振る＊,首を横に振る,いいえ、ダメだ,,くびをよこにふる,To shake one's head,144
382,組み込む＊,組み込む,,,くみこむ,"To incorporate, integrate",128
383,雲を掴むよう＊,雲を掴むよう,,,くもをつかむよう,Impossible to grasp,147
384,くよくよ＊＊,くよくよ,いつまでも悩んで気にするようなこと,,くよくよ,"to fret (over), to brood (about)",50
385,包む②,包む,"くるむ= wrap, つつむ= Cover",赤ちゃんをバスタオルで包む。,くるむ,"To wrap, to envelop, to cover",16
386,グレードアップ,グレードアップ,,,グレードアップ,"upgrade, update",124
387,呉れ呉れも,呉れ呉れも,心を込めて,呉れ呉れも①宜しくお願いします。②お気をつけてください。③お大事にしてください。,くれぐれも,"sincerely, wholeheartedly​",51
388,暮れる,暮れる,,夕方になると空が暮れる～ます。,くれる,"To get dark, to grow dark",92
389,食わず嫌い＊,食わず嫌い,,,くわずぎらい,Disliking something without trying it,148
390,ぐんと＊＊,ぐんと,,,ぐんと,"remarkably, noticeably",61
391,軽快(な),軽快,快い、軽くて気持ちがいい,リズムが軽快でテンポが速い,けいかい,"light (of movements), light-hearted",36
392,軽率(な),軽率,あまり深く考えずに行動する,軽率な決定は後で後悔することが多いです。,けいそつ,"Rash, thoughtless, careless",13
393,汚らわしい,汚らわしい,汚れている、本当に汚いじゃなくてやっている事は汚い、結婚しているのに他の人と関係がある,,けがらわしい,"Filthy, unfair, dirty, untouchable",38
394,消し去る＊,消し去る,,,けしさる,"To erase, remove completely",130
395,決意,決意,,,けつい,"Decision, determination, resolution",94
396,結核,結核,,結核は感染性の病気です。,けっかく,Tuberculosis,25
397,げっそり＊＊,げっそり,急に痩せている、健康じゃ無い,,げっそり,to be disappointed​,52
398,ゲット,ゲット,,,ゲット,"getting, obtaining, winning",122
399,貶す,貶す,X 褒める,彼は他人を貶すことなく、誰に対しても尊重します。,けなす,To criticize or disparage,18
400,気配,気配,,,けはい,"Indication, sign, hint",94
401,家来,家来,,,けらい,"Follower, retainer",70
402,下痢,下痢,トイレの大きい方、大きい方のトイレは汚れています,旅行先で下痢にかかったので、医者に診てもらいました。,げり,Diarrhea,22
403,現行,現行,,,げんこう,"Present, current",88
404,建設的(な),建設的,,,けんせつてき,Constructive,95
405,健全(な),健全,,,けんぜん,"Healthy, wholesome",36
406,見地,見地,,,けんち,"Perspective, viewpoint",72
407,現地,現地,,,げんち,"actual place, actual location",88
408,見当,見当,,,けんとう,"Estimate, guess",84
409,現に,現に,,,げんに,"Actually, in fact",58
410,現場,現場,事件、事故があった場所,事故現場に呆然とする驚いて声を出さない。,げんば,"actual spot, scene (of a crime, accident, etc.)",88
411,見聞,見聞,,,けんぶん,"Experience, knowledge",79
412,賢明(な),賢明,,,けんめい,"wise, sensible, well-advised, intelligent",12
413,恋+,恋,人、妻、家族を愛する、人が好き、人に恋をする,恋の兆しを感じます。 ,こい,(romantic) love,18
414,合意,合意,,,ごうい,"Agreement, consensus",79
415,交互,交互,順番を変わること,,こうご,"Alternate, mutual, reciprocal​",148
416,皓々と,皓々と,ピカピカ,①星が皓々と①輝いている。②光って耀いている。,こうこうと,bright (esp. of the moon),48
417,交際,交際,≈付き合う,,こうさい,"Association, friendship, company (with)",148
418,公私,公私,,,こうし,Public and private,86
419,高尚(な),高尚,,高尚な趣味,こうしょう,"high, noble, refined, advanced​",43
420,口実,口実,,,こうじつ,"Excuse, pretext",86
421,向上,向上,,生産性向上のために、能率を高める必要があります。,こうじょう,"Improvement, advancement",85
422,行進,行進,,,こうしん,"March, procession",71
423,公正,公正,,,こうせい,"Fairness, justice",86
424,好調,好調,とても調子がいい事,会社の業績が好調です。 ,こうちょう,"Favorable, in good shape",36
425,後天的(な),後天的,,,こうてんてき,"Acquired, not innate",97
426,口頭,口頭,,,こうとう,"Verbal, oral",77
427,好評,好評,皆さんの評価がいい,この店の売れ行きは好評です。,こうひょう,"Favorable reception, good reputation",36
428,公平,公平,,,こうへい,"Fair, equitable",86
429,巧妙,巧妙,上手に遣り遂げる(最後までやる),巧妙な手口(悪い方法),こうみょう,"Clever, ingenious",37
430,公用,公用,,,こうよう,"Official, public use",86
431,小売り＊,小売り,,,こうり,Retail,73
432,公立,公立,,,こうりつ,Public (institution),86
433,合理的(な),合理的,ちゃんと努力があって無駄がない,,ごうりてき,"rational, reasonable, logical",97
434,ゴールイン,ゴールイン,,,ごーるいん,"Goal in, achievement",124
435,ゴールデンタイム,ゴールデンタイム,"Wasei, word made in Japan, From English “golden time”",,ごーるでんたいむ,"prime time (on television or radio), peak time​",124
436,小柄,小柄,,彼女は小柄でとてもかわいらしいです。,こがら,"Small in stature, short",12
437,国産,国産,,,こくさん,"Domestic, made in one's own country",74
438,告知,告知,,,こくち,"Notification, announcement",87
439,国土,国土,,,こくど,"country, territory",76
440,告白,告白,自分の本当の気持ち、好きな人に気持ちを伝える,彼は長い間、秘密を抱えていたが、ついに告白しました。,こくはく,"Confession, acknowledgement",87
441,国民,国民,,,こくみん,"people (of a country), nation, citizen",76
442,国有,国有,,,こくゆう,"National ownership, state-owned",76
443,ごく＊＊,ごく,,ごく一部,ごく,"very small fraction (of), very small proportion",61
444,個々,個々,,,ここ,"Individual, one by one, separate",94
445,心地,心地,,,ここち,"feeling, sensation, mood",67
446,心掛ける ＊,心掛ける ,,,こころがける,"To keep in mind, be mindful of",79
447,小言,小言,,,こごと,"Nagging, nitpicking",67
448,心当たり＊,心当たり,心の中で「これだ!」と思うこと,,こころあたり,"Knowledge, awareness",138
449,心得る＊,心得る,,,こころえる,"To agree, to know, to understand, to be aware of,",138
450,心苦しい＊,心苦しい,相手に申し訳無いと思う、きょうしくない,ごちそうになり、車で家まで送って貰い、心苦しいです。,こころくるしい,Feeling emotionally troubled or distressed,15
451,志す,志す,,,こころざす,"To plan, to intend, to set aims (sights on)",90
452,心遣い＊,心遣い,,,こころづかい,"Consideration, thoughtfulness",67
453,心強い＊,心強い,頼りになって安心できる,友達からのサポートはとても心強いものでした。,こころづよい,"Encouraging, reassuring, comforting",14
454,心細い＊,心細い,不安な気持ち、心配なるやすい人,人で新しい場所に行くときは、心細いこともあります。,こころぼそい,"Helpless, hopeless, lonely",14
455,試み,試み,,,こころみ,"Attempt, trial",92
456,試みる,試みる,,,こころみる,"To try, to attempt",92
457,快い,快い,気持ちがいい,快い①風が吹いてきた。②～く、リーダーを引き受けた。,こころよい,"Pleasant, agreeable",14
458,個人的(な),個人的,私のこと,会社では個人的な事は話さないことにしている。,こじんてき,"Personal, individual",95
459,ごしごし＊＊,ごしごし,強く擦る,ごしごし洗う。,ごしごし,"scrubbing hard, scrubbing clean",48
460,拗らせる,拗らせる,なかなか治らない、悪化させる,①その問題を ②風邪を拗らせる①～ないように、早めに話し合いましょう。②。,こじらせる,To complicate or worsen,19
461,拗れる,拗れる,複雑になる、悪化する、まとまらない結論が出ない、悪い方向へ,①風邪が②人間関係が拗れる。,こじれる,To become complicated or worsen,"19, 138"
462,漉す,漉す,水を,野菜を洗ってよく水を漉す～てください。,こす,To strain or filter,20
463,拘る,拘る,Aについてとても気にする,スープ、ファッション、インテリアに拘る～ている。,こだわる,"to be obsessive (about), to be overly concerned (with)",30
464,骨+,骨,,,こつ,"secret, know-how, the ropes, hang",149
465,国家,国家,,,こっか,"State, nation",76
466,国会,国会,,彼は国会議員に当選しました。 ,こっかい,"National Diet, parliament",76
467,コック,コック,"From Dutch, Flemish “kok”",,コック,"cook, chef",133
468,滑稽(な),滑稽,面白くてバカみたいな、私のLala ポートの写真,滑稽な話。,こっけい,"funny, comical, humorous",38
469,骨折,骨折,,スポーツ中の怪我で、彼は腕の骨折を経験しました。,こっせつ,Bone fracture,25
470,こつこつ＊＊,こつこつ,少しずつ努力する、硬いもの物が触れ合って出る音,こつこつ①勉強する、貯金する、②鳴る、響く,こつこつ,"steadily, unflaggingly, untiringly",50
471,事柄,事柄,,,ことがら,"Matter, issue",89
472,悉く,悉く,,,ことごとく,"altogether, entirely​",58
473,殊に,殊に,,,ことに,"especially, particularly, unusually",56
474,コネ,コネ,,,コネ,"connection, pull​",120
475,好ましい,好ましい,①Aが ②Noun～,好ましい～くて面接に行ってください。,このましい,"Desirable, preferable, pleasing",14
476,誤魔化す＊,誤魔化す,本当の話を触らないように,,ごまかす,"To deceive, bluff",31
477,細やか,細やか,細かいところまで気をつけている,細やかな愛情、仕事,こまやか,"Detailed, meticulous",36
478,込み上げる＊,込み上げる,気持ちが高まって我慢できない,涙、感情、笑いが込み上げる。,こみあげる,"To well up, surge",30
479,込める,込める,中に入れる,心、愛情、気持ちを込める～て料理を作っている。,こめる,"To put into, include",34
480,篭る,篭る,①いいやな事があって、雪を降って ②③gasみたいこと,①引き②体に熱が、③においが篭る。,こもる,"to shut oneself in (e.g. one's room), to seclude",31
481,凝らす,凝らす,気持ちを集中する、考えを働かせる,これは工夫が凝らす～された道具、目を凝らして (よく見て!) ,こらす,To concentrate or stiffen,20
482,懲りる,懲りる,Aをしない、もう二度やらないと強く思う、後悔している,失敗、ミス、間違いに懲りる,こりる,"To learn from experience, become disheartened",30
483,凝る,凝る,②工夫されている、小さなところまで傷ついた ③夢中になっている,①肩が②この鞄はデザインが③野菜作りに凝る①。②～ている。③～ている。,こる,to become stiff (of muscles),30
484,根気,根気,,,こんき,"Patience, perseverance, persistence",84
485,コンセント,コンセント,"Wasei, word made in Japan, From English “concentric plug”",,コンセント,"electrical outlet, wall socket",133
486,根本的(な),根本的,,私は彼と根本的な考えが違う。,こんぽんてき,"Fundamental, basic",84
487,ざあざあ＊＊,ざあざあ,激しく降る様子,雨がざあざあ降る。,ざあざあ,(raining) heavily,48
488,再現,再現,,,さいげん,"Reproduction, recreation",88
489,再婚,再婚,,,さいこん,"Second marriage, remarriage",148
490,再三,再三,,,さいさん,"again and again, repeatedly",54
491,サイドビジネス,サイドビジネス,,,サイドビジネス,side business,124
492,幸い(な),幸い,,,さいわい,"Happiness, luck, fortune",58
493,遮る,遮る,①間に物を置いて、見えないようにする ②間に入って、邪魔をする進行を止める,①カーテンで、日の光を ②先生の話を遮る。②〜て質問した。,さえぎる,To block or interrupt,20
494,囀る,囀る,,,さえずる,"To sing, chirp (birds)",32
495,冴える,冴える,体の働きがはっきりする,目が、二さんの顔を見て冴える。,さえる,"To be sharp, clear",31
496,栄える,栄える,,,さかえる,"To prosper, flourish",92
497,逆さま,逆さま,,,さかさま,"Upside down, inverted",148
498,逆立ち＊,逆立ち,,,さかだち,"Handstand, being upside down",148
499,先に,先に,,,さきに,"previously, before, earlier",54
500,作戦,作戦,,この作戦は秘密に保たれています。,さくせん,"tactics, strategy",94
501,捧げる,捧げる,(気持ち、愛、命、人生)を差し出す,①私は恋人に自分の作った詩を②子供ためなら、自分の命を捧げる①～た。②～てもいい。,ささげる,"To dedicate, offer",30
502,囁く,囁く,,彼らは秘密の計画を囁く～ていました。,ささやく,"To whisper, to murmur, to speak softly",16
503,刺さる,刺さる,,木の棘が私の指に刺さる～ました。,ささる,"To stick into (of something with a sharp point), to pierce",22
504,刺される,刺される,,キャンプ中、彼は蚊に何度も刺される～ました。,さされる,To be stung or pricked,22
505,差し掛かる＊,差し掛かる,ちょうど着く、その時期が来る,場所、山道、時期、雨期、思春期に差し掛かる。,さしかかる,"To approach, come near",33
506,指図,指図,,,さしず,"Instruction, command",87
507,差出人,差出人,,,さしだしにん,A sender,130
508,差し出す＊,差し出す,,賞状を差し出す～ました。,さしだす,"To present, to submit",130
509,差し支え＊,差し支え,,,さしつかえ,"Hindrance, obstacle",146
510,差し支える＊,差し支える,,,さしつかえる,"To hinder, impede",130
511,差し引き＊,差し引き,,,さしひき,"Deduction, subtraction",130
512,差し引く＊,差し引く,,支出から収入を差し引く～て、残りを計算します。,さしひく,"to deduct, to take away",130
513,匙を投げる＊,匙を投げる,,,さじをなげる,"To give up, quit",115
514,指す,指す,指を,地図で場所を指すのが得意です。,さす,"To point, to indicate, to refer to",16
515,授ける,授ける,,,さずける,"To grant, to give, to confer, to award",92
516,摩る,摩る,軽く撫でる、繰り返して擦る(優しい感じ),お腹、足、背中、を摩る。,さする,"To rub, to massage, to stroke",16
517,嘸+,嘸,,,さぞ,"surely, certainly, no doubt",56
518,嘸かし,嘸かし,,,さぞかし,"certainly, surely​",56
519,定める,定める,,,さだめる,"To decide, to determine",92
520,雑+,雑,丁寧じゃない,雑①な字 ②に書く,ざつ,"Miscellaneous, mixed",39
521,早急,早急,,,さっきゅう,"Urgent, prompt",77
522,察する,察する,①これから起こりそうだと感じる ②人を思いやる/ 人の気持ちを理解する ,①危険を ②女性の気持ちを③子供をなくした友人の気持ちを察する①。②のは難しい。③と辛い。,さっする,"To guess, perceive",30
523,颯と,颯と,早く動く様子、今の動き、サッカー選手、軽く〜する、simply make recepie,,さっと,"①quickly (esp. actions)​ ②suddenly (esp. wind, rain, etc.)",53
524,さっぱり＊＊,さっぱり,»すっきり、①後に残らない ②不快感が消える ③全く、全然〜ない,①シャワーを浴びて/お風呂に入って、さっぱり①した。②した味 ③した性格,さっぱり,"feeling refreshed, clean, open-hearted",52
525,さっぱり～ない＊,さっぱり～ない,全然、全く、少しも,さっぱり～ない理解できない。,さっぱり～ない," not in the least (with neg. verb), not at all",55
526,最中②,最中,,食事の最中にお客さんから電話に出る。,さなか,(in) the midst of,54
527,裁く,裁く,あなたの罪は、罰は,人を裁くことは難しいです,さばく,To judge or sentence,18
528,然程～ない＊,然程～ない,,,さほど～ない,"(not) so, (not) particularly",55
529,サボる,サボる,狡休み (ずる休み),,サボる,"to skip school, to cut class, to skip out​",125
530,彷徨う＊,彷徨う,目的が無く、歩き回る、困っている,山の中、森を彷徨う。,さまよう,"To wander, to roam, to wander about aimlessly",17
531,寒気②,寒気,,外は風が強くて、寒気が走った。,さむけ,"chill, the shivers","22, 68"
532,然も,然も,,,さも,"really (seem, appear, etc.), truly, in that way",56
533,作用,作用,,,さよう,"Effect, action",75
534,攫う,攫う,他の人のことを奪っておく、誘拐する,何者かが彼女を車で攫う～い、警察は事件の解決に取り組んでいます。,さらう,To abduct or kidnap,18
535,サラ金,サラ金,,,サラきん,"consumer financing firm, loan shark​",124
536,晒す,晒す,日光、水に,①日光に②水に晒す①(当てる)② (つける),さらす,To expose or lay out,20
537,去る,去る,,,さる,"last ... (e.g. ""last April"")",146
538,騒ぐ,騒ぐ,,,さわぐ,"to make noise, to make racket",146
539,散々(な),散々,,,さんざん,"thoroughly, completely, terribly",49
540,産出,産出,,,さんしゅつ,"Production, yield",74
541,産地,産地,,,さんち,"Place of production, origin",74
542,仕上げ＊,仕上げ,,,しあげ,"Finishing touch, completion",89
543,仕上げる＊,仕上げる,,,しあげる,"to finish up, to complete",89
544,強いて,強いて,,,しいて,"Forcing, imposing",58
545,強いる,強いる,寄付、無理にAさせる,母が子供に勉強を強いる。,しいる,"To force, compel",18
546,仕入れ＊,仕入れ,,,しいれ,"Procurement, buying",89
547,仕入れる＊,仕入れる,,,しいれる,"To purchase, acquire",89
548,自我,自我,,,じが,"Ego, self",94
549,仕掛ける＊,仕掛ける,何かが起こるようにAを置く、作る,①穴を②ダイナマイトを仕掛ける。,しかける,To set up or initiate,21
550,直に,直に,直接、すぐに,直に着くから！,じかに,"directly, in person, firsthand​",138
551,直に,直に,,,じきに,"immediately, right away, at once","54, 138"
552,事業,事業,,,じぎょう,"Project, enterprise, business",76
553,仕切る＊,仕切る,,,しきる,"To manage, control",89
554,しくじる＊＊,しくじる,悪いこと行う,,しくじる,"to fail, to blunder, to mess up",30
555,仕組み＊,仕組み,,,しくみ,"structure, construction, arrangement",89
556,自己,自己,,自己紹介,じこ,"Self, oneself",94
557,思考,思考,,,しこう,"Thought, consideration, thinking",77
558,時差,時差,,東京とニューヨークの時差は13時間です。 ,じさ,time difference,88
559,自主,自主,,,じしゅ,"Autonomy, self-discipline",73
560,自首,自首,,,じしゅ,To turn oneself in (to the authorities),73
561,思春期,思春期,,場所、山道、時期、雨期、思春期に差し掛かる。,しごんき,"Adolescence, puberty",77
562,市場①,市場,,,しじょう,"market (financial, stock, domestic, etc.)",74
563,滴+,滴,,,しずく,"Drop, droplet",139
564,事前,事前,,,じぜん,"prior, beforehand, in advance",74
565,下味,下味,,,したあじ,"Flavor, seasoning",68
566,下心,下心,,,したごころ,"Hidden motive, ulterior motive",67
567,下地,下地,,,したじ,"Foundation, groundwork",68
568,親しまれる,親しまれる,仲良くして貰う,彼女は温かい心で多くの人々に親しまれる～ています。,したしまれる,To be liked or well-received,18
569,下取り＊,下取り,,,したどり,"Trade-in, buying back",84
570,下火,下火,,,したび,"Dying out, waning",68
571,下回る＊,下回る,,,したまわる,"To fall below, be less than",68
572,実業,実業,,彼は財界で有名な実業家です。 ,じつぎょう,"Business, industry",86
573,シック,シック,From French,,シック,"stylish, smart",121
574,じっくり＊＊,じっくり,,,じっくり,"(slowly and) carefully, thoroughly",52
575,仕付ける＊,仕付ける,犬、猫、子供を,良い習慣を子供に仕付けることは大切です。,しつける,"to be used to, to train, to discipline",18
576,湿疹,湿疹,アレルギーになる、皮膚科に行く、蕁麻疹(じんましん),彼女は敏感な肌で、湿疹に悩まされています。,しっしん,"rash, Eczema",22
577,実態,実態,,,じったい,"true state, actual condition, reality",86
578,しっとり＊＊,しっとり,軽く湿っている、水分がある,①手がしっとり①するクリーム ②した女性,しっとり,"damp, moist, (slightly) wet​",52
579,じっとり＊＊,じっとり,とんとん、どんどん、①時間がかけてよく ②酷く汗で体が濡れる ③静かで落ち着いた感じ,じっとり①話し合う、考える ②する、濡れる,じっとり,"damply, moistly",52
580,淑やか(な),淑やか,,①彼女は②彼女の歩き方は淑やか①な態度で人々を魅了します。②で、上品だ。,しとやか,"gentle, modest",12
581,萎びる,萎びる,,,しなびる,"To wither, wilt",138
582,綽か(な),綽か,柔らかい,綽かな体、革,しなやか,"supple, flexible, elastic",36
583,凌ぐ,凌ぐ,耐える、我慢する,寒さ、空腹を凌ぐ。,しのぐ,"To endure, surpass",35
584,屡々,屡々,,彼の言葉は屡々引用される。,しばしば,"often, again and again, frequently",50
585,自発,自発,,,じはつ,"Spontaneity, voluntary",76
586,自発的(な),自発的,,,じはつてき,"Voluntary, self-motivated","95, 97"
587,渋い,渋い,①コーヒー、お茶飲んだ時の味、苦いの近い②不満そうな様子 ③落ち着いている色、大人のような顔、派手じゃない,渋い①味 ②顔 ③色、公園,しぶい,"Chic, tasteful",36
588,渋々,渋々,嫌々、嫌だと思いながら、仕方がなく,,しぶしぶ,"reluctantly, unwillingly",50
589,しぶとい＊＊,しぶとい,,,しぶとい,"tough, enduring, headstrong, stubborn",13
590,自閉症,自閉症,,,しじへいしょう,Autism,25
591,仕舞い＊,仕舞い,,,しまい,"end, close, finish",148
592,始末,始末,片付ける,,しまつ,"management, dealing with, settlement",94
593,染みる,染みる,,,しみる,"to pierce, to soak in, to sting (wound or sensitive area, etc.)",138
594,じめじめ＊＊,じめじめ,①湿度が高い ②気分が下がる気持ち,じめじめ①している ②した話、人,じめじめ,"damp, humid, wet",48
595,シャープ,シャープ,,,シャープ,"sharp (blade, image, mind, etc.)",122
596,社会人,社会人,,,しゃかいじん,Working adult,70
597,若干,若干,,,じゃっかん,"Some, few, a number of",40
598,砂利,砂利,,,じゃり,Gravel,88
599,じゃん拳,じゃん拳,,,じゃんけん,ock-paper-scissors (game),148
600,ジャンル,ジャンル,From French,,ジャンル,"genre, category, kind​",133
601,私有,私有,,,しう,Private ownership,88
602,終日,終日,,,しゅうじつ,Throughout the day,72
603,住人,住人,,,じゅうにん,"Resident, inhabitant",70
604,従来,従来,,,じゅうらい,"Conventional, traditional",95
605,主観的(な),主観的,,,しゅかんてき,Subjective,95
606,手記,手記,,,しゅき,"Memoirs, diary",87
607,取材,取材,,新聞社から取材が来ました。 ,しゅざい,"Interview, news coverage, collecting data (e.g. For an article)",84
608,種々(な),種々,,彼は種々のスポーツを楽しんでいます。 ,しゅじゅ,"a variety of, all kinds of, many",51
609,主食,主食,,,しゅしょく,Staple food,75
610,主人公,主人公,,,しゅじんこう,"Protagonist, main character",86
611,主体,主体,,,しゅたい,"Main body, subject",75
612,主題,主題,,,しゅだい,"Theme, subject",75
613,手中,手中,,,しゅちゅう,"In one's hands, control",66
614,出現,出現,,,しゅつげん,"Appearance, emergence",88
615,出産,出産,,出産は新しい命の誕生を祝う特別な瞬間です。,しゅっさん,"childbirth, (giving) birth, delivery","22, 69"
616,出社,出社,,,しゅっしゃ,"Going to work, arriving at the office",69
617,出世,出世,,彼は出世のチャンスをつかみました。,しゅっせ,"Promotion, successful career",69
618,出生,出生,しゅっせい/しゅっしょう,,しゅっせい,"Birth, origin",69
619,出題,出題,,,しゅつだい,"Setting a question, presenting a problem",69
620,出動,出動,,,しゅつどう,"Deployment, dispatch",69
621,出品,出品,,,しゅっぴん,"Exhibiting, offering for sale",69
622,準じる,準じる,,,じゅんじる,"To follow, to conform",93
623,純粋(な),純粋,子供っぽい,,じゅんすい,"Pure, genuine, unadulterated",12
624,正気,正気,,,しょうき,"Sanity, soundness of mind",68
625,称する,称する,,,しょうする,"To call, name",93
626,正体,正体,,,しょうたい,"True identity, true nature",73
627,正味,正味,,,しょうみ,"Net, after deductions",77
628,食物アレルギー,食物アレルギー,,食物アレルギーを持つ人々は、特定の食品を避ける必要があります。,しょくもつアレルギー,Food allergy,25
629,食中毒,食中毒,,レストランの食事から食中毒にかかった人が病院に運ばれました。,しょくちゅうどく,food poisoning,25
630,初対面,初対面,,彼女は初対面の人に対して馴れ馴れしい態度をとります。,しょたいめん,"First meeting, initial encounter",148
631,しょっちゅう＊＊,しょっちゅう,悪いこと言う時、やりすぎみたい,しょっちゅう寝る、遅刻する。,しょっちゅう,Frequently,54
632,所有,所有,,,しょゆう,"Ownership, possession",75
633,私立,私立,,,しりつ,Private (Establishment),86
634,自立,自立,,,じりつ,"Independence, self-reliance",73
635,記す,記す,,,しるす,"To write down, to note",87
636,四六時中,四六時中,4 X 6= 24,,しろくじちゅう,"Around the clock, 24/7",54
637,じわじわ＊＊,じわじわ,,,じわじわ,"slowly (but steadily), gradually",61
638,新入り＊,新入り,,,しんいり,"Newcomer, freshman",76
639,神經質,神經質,荒っぽい,彼女は神經質で、小さなことでも心配しやすい。,しんけいしつ,"Nervous, neurotic",13
640,進行,進行,進めて行く,その映画の製作が進行中です。 ,しんこう,Progress or advance,"22, 71"
641,人事,人事,,,じんじ,"personnel affairs, human affairs",74
642,真実,真実,,,しんじつ,"Truth, reality",86
643,心中,心中,,,しんちゅう,"Double suicide, lovers' suicide",67
644,進出,進出,,,しんしゅつ,"Advancement, expansion",71
645,新人,新人,,,しんじん,"newcomer, new member, recruit",76
646,心中,心中,,,しんちゅう,"Double suicide, lovers' suicide",67
647,進度,進度,,,しんど,"Progress, advancement",71
648,新入,新入,,,しんにゅう,"New admission, new member",76
649,辛抱強い＊,辛抱強い,私,長い待ち時間にもかかわらず、彼は辛抱強い～く待っていました。,しんぼうづよい,Patient,12
650,蕁麻疹,蕁麻疹,,,じんましん,Hives or urticaria,22
651,図案,図案,,,ずあん,"Design, pattern",87
652,水分,水分,すばしっこい,,すいぶん,"water, liquid, fluid",67
653,据え付ける＊,据え付ける,エアコン、カーテン、設置する、動かせない,新しい家具を部屋に据え付けるのに時間がかかりました。,すえつける,To install or set up,20
654,据える,据える,Aをしっかり動かないように付ける (置く) 、ピアノ、防犯カメラ、テレビ,彼は花瓶を窓辺に据える～ました。,すえる,To set or place,20
655,清々しい,清々しい,,①朝ジョギングするのが ②全て試験が終わり今は清々しい②気持ち。,すがすがしい,"Refreshing (e.g. Feeling, scene, wind, morning air)",14
656,透き通った＊,透き通った,すばしっこい,,すきとおった,"Transparent, clear",37
657,すき間,すき間,,,すきま,"Gap, space",139
658,掬う,掬う,表面の水分を取る。、金魚掬い祭り,①手、スプーン、おたまで②水、油、金魚を掬う。,すくう,"To scoop up, to ladle, to dip out",16
659,健やか(な),健やか,体が丈夫な事,,すこやか,"Vigorous, healthy, sound",36
660,濯ぐ①,濯ぐ,水で洗う,雨が止んだ後、彼女は洗濯物を濯ぐ～ました。,すすぐ,"to rinse, to wash out​",20
661,廃れる,廃れる,終わった、X 流行る,廃れる～た言葉ー>なおい,すたれる,"To go out of fashion, become obsolete",34
662,ストーカー,ストーカー,,,ストーカー,stalker,123
663,図に乗る＊,図に乗る,,,ずにのる,"To take advantage, overdo something",115
664,拗ねる,拗ねる,不満があって素直でなくなる。,彼は拗ねる～ていて話しかけても返事をしません,すねる,"To sulk, to pout",15
665,すばしこい＊＊,すばしこい,栗鼠、動きが早い,,すばしこい,"quick, smart",36
666,素早い＊,素早い,働き、頭,,すばやい,"Swift, nimble",36
667,ずばり＊＊,ずばり,曖昧しなくてする,,ずばり,"decisively, decidedly",53
668,速やか(な),速やか,速い、X急いで、 でも時間かからないように,みんなは速やかにお帰ってください。,すみやか,"Prompt, immediate",36
669,スムーズ,スムーズ,,,スムーズ,smooth,121
670,すらすら＊＊,すらすら,簡単に、スムーズに、止まることなく,すらすら解く、読む、話す。,すらすら,"smoothly, easily, readily",48
671,スリーサイズ,スリーサイズ,"Wasei, word made in Japan, From English “three size”",,スリーサイズ,"bust-waist-hip measurements, vital statistics",124
672,擦る②,擦る,擦傷、切傷、物に他の物を強く触れ合わせて動かすことです。,①マッチを ②膝を擦る～た後、彼は痛みを感じました。,する,"To rub, to scrub, to brush",16
673,ずるずる＊＊,ずるずる,①②③なかなか終わらない解決しない ④下につけて引っ張る、重いものゆっくり,①ストライクがずるずる①長引く ②返事を延ばす ③退院が延ばす  ④引きずる,ずるずる,"(dragging a large or heavy item) slowly​, (falling) little by little",48
674,ずれる＊＊,ずれる,元々あった場所から移動する,メガネ、タイミングがずれる。,ずれる,"to slide, to slip off, to get dislocated",33
675,すんなり＊＊,すんなり,,,すんなり,"slim, slender",53
676,生計,生計,,,せいけい,"Livelihood, means of support",75
677,生産,生産,,製鉄工場は鉄を生産しています。 ,せいさん,"production, manufacture",74
678,誠実(な),誠実,真面目、嘘をつかない、私,彼は誠実な人柄で、誰からも信頼されています。,せいじつ,"sincere, honest, faithful","12, 86"
679,青春,青春,,,せいしゅん,Youth,77
680,制する,制する,,,せいする,"To hold back (e.g. Emotions), to rein in (e.g. A horse, unruly people)",93
681,正当,正当,,,せいとう,"Just, legitimate",84
682,正当化,正当化,,,せいとうか,"Justification, rationalization",84
683,声明,声明,,,せいめい,"Statement, declaration",70
684,生理,生理,,,せいり,Menstruation,75
685,セキュリティー,セキュリティー,,,セキュリティー,security,122
686,セクハラ,セクハラ,,,セクハラ,sexual harassment​,120
687,世代,世代,,世代が違うと考え方も違うことが多い。,せだい,"Generation, the world, the age",74
688,切実,切実,人間関係の悩み、お金のこと,,せつじつ,"Urgent, pressing","43, 86"
689,接する,接する,,異なる文化に接することは、新しい視野を広げます。,せっする,"to touch, to come in contact with",19
690,設置,設置,作って置くこと、図書館、コンピュータ ルーム,公園に新しい遊具が設置されました。,せっち,"Set up, establishment, institution, installation (of a machine or equipment)",92
691,說得,說得,,,せっとく,"Persuasion, convincing",88
692,切ない,切ない,悲しい,別れが切ない瞬間でもあります。,せつない,"Heartrending, painful, emotionally intense",14
693,ゼネコン,ゼネコン,,,ゼネコン,"general contractor, main contractor",120
694,セレブ,セレブ,,,セレブ,"celeb, celebrity",120
695,善悪,善悪,,,ぜんあく,Good and evil,94
696,前科,前科,,,ぜんか,"Criminal record, previous conviction",85
697,先行,先行,,,せんこう,"Preceding, going ahead",71
698,繊細(な),繊細,デリケート(な)、感情が細かい人,,せんさい,"Delicate, slender, fine",12
699,センスが良い＊,センスが良い,ファッションのこと、物事を感じる,語学のセンスが良い,センスがいい,have a good sense,12
700,喘息,喘息,,彼は幼少期から喘息に悩んでいます。,ぜんそく,Asthma,23
701,先着,先着,,,せんちゃく,"First-come, first-served",71
702,先手,先手,,,せんて,"Initiative, going first",66
703,前提,前提,,,ぜんてい,"Premise, assumption",85
704,先天的(な),先天的,,,せんてんてき,"Congenital, innate",97
705,先頭,先頭,,,せんとう,"Front, lead",71
706,前途,前途,,,ぜんと,"future, prospects, outlook",85
707,先方,先方,,,せんぽう,"other party, other side​",71
708,沿う,沿う,,,そう,"To run along, follow",91
709,爽快,爽快,,海の風を感じると、爽快な気分になります。,そうかい,"Refreshing, exhilarating, invigorating",14
710,早急,早急,,,さっきゅう,"Urgent, prompt",77
711,相対的(な),相対的,,,そうたいてき,"Relative, comparative",97
712,添える,添える,,彼女は美しい音楽を弾きながら歌を添える～ました。,そえる,To add or attach,20
713,ソーラーシステム,ソーラーシステム,,,ソーラーシステム,solar system,124
714,そこそこ＊＊,そこそこ,これぐらい OK だね、褒められるぐらい,,そこそこ,"reasonably, fairly, all right",49
715,損なう,損なう,,,そこなう,"To harm, to hurt, to injure, to damage",91
716,素っ気ない＊,素っ気ない,相手思い気持ちがない、冷たい感じ、愛想がない,,そっけない,"Cold, indifferent",38
717,備え付ける＊,備え付ける,,,そなえつける,"To install, provide",131
718,備わる,備わる,,,そなわる,"To be furnished with, to be provided with",90
719,聳える,聳える,非常に高く立つ,雲に聳える～立つ山,そびえる,"To tower, soar",32
720,ソフト,ソフト,ソフトウェア,このパソコンにはソフトが付いています。,ソフト,soft,122
721,素朴,素朴,人、地味な感じ,私は自然な味の素朴な料理が好きだ。,そぼく,"Simple, plain, unsophisticated",12
722,染まる,染まる,綺麗にするの感じ,空がオレンジ色に染まる～ている。,そまる,"To be dyed, stained",34
723,背く,背く,反対すること、背中に向ける,その人の意見に背く～た。,そむく,"To go against, to disobey","21, 92"
724,染める,染める,色を付ける,髪、頬を赤く染める～た。,そめる,"To dye, color",34
725,逸らす,逸らす,話題を変える、別の方向に向ける,目、話を逸らす。,そらす,To divert or distract,20
726,反らす,反らす,後ろに体を回す,彼女は反らす～た髪をとても気に入っています。,そらす,"To bend, to warp, to curve",17
727,反る②,反る,自動詞、弓のように曲がる (他動詞、体を反らす),,そる,"To curve, to bend, to bend backward (body or body part, e.g. Fingers)",33
728,剃る,剃る,髭を剃る,,そる,"To warp, to curve",33
729,ぞんざい(な)＊＊,ぞんざい,いい加減、ちゃんとしていない、話し言葉、祖父やんさんの挨拶、丁寧じゃない,ぞんざいに仕事する。,ぞんざい,"rough, careless",38
730,タートルネック,タートルネック,,,タートルネック,"turtleneck, turtle-necked sweater",121
731,退院,退院,,彼は回復し、ついに退院することができました。,たいいん,Discharge from the hospital,22
732,大家②,大家,,,たいか,"master, expert, authority",70
733,退社,退社,する,,たいしゃ,"Leaving the company, resignation",69
734,大層(な),大層,,,たいそう,"very, extremely,",61
735,大体,大体,,,だいたい,"generally, on the whole, mostly",41
736,大胆,大胆,一般的には考えられないような、政治家の人,大胆なデザイン、考え,だいたん,"Bold, daring","37, 43"
737,タイト(な)＊＊,タイト,,,タイト,tight,122
738,台無し＊,台無し,,,だいなし,"Ruined, spoiled",77
739,大半,大半,,,たいはん,"majority, more than half",79
740,台本,台本,,,だいほん,"Script, screenplay",77
741,代用,代用,,,だいよう,"Substitute, alternative",74
742,代理,代理,,,だいり,"Representative, agency, proxy",74
743,絶えず,絶えず,止まらない続いている,絶えず愛している。,たえず,"constantly, always, continually",54
744,絶える,絶える,,,たえる,"To die out, to become extinct",92
745,互い違い(な)＊,互い違い,,,たがいちがい,alternate,148
746,高が,高が,,,たかが,"only, merely, just",57
747,逞しい,逞しい,,山でのハイキングは逞しい体力が必要です。,たくましい,"Strong, robust, sturdy",12
748,巧み,巧み,技術が高い、とても上手、vetoren で作ったもの(ビール) ,巧み①な作品②な和室,たくみ,"Skillful, clever",37
749,ただの人,ただの人,,,ただのひと,"Just a person, ordinary person",148
750,立ち去る＊,立ち去る,,,たちさる,"To leave, depart",127
751,立場,立場,,,たちば,View point,74
752,立ち寄る＊,立ち寄る,,,たちよる,"To stop by, to drop in for a short visit",127
753,経つ,経つ,,,たつ,"To pass (of time), to elapse",91
754,断つ,断つ,,,たつ,"To cut off, sever",91
755,絶つ,絶つ,続いて (止める) いたものを、ずっとやっていたものを絶つ,,たつ,"To sever, to cut off",91
756,脱する,脱する,,,だっする,"To undress, remove",93
757,辿り着く＊,辿り着く,,,たどりつく,"To reach, arrive at",130
758,辿る,辿る,足跡が確かめながら進む,①思い出を②元彼女と行った場所に辿る①旅をする。,たどる,To follow or trace,20
759,棚に上げる＊,棚に上げる,,,たなにあげる,"To put on the back burner, shelve",115
760,束ねる,束ねる,バラバラにならないように,①社長は社員を②木の枝を束ねる②～て、焚き火の材料にしました。,たばねる,To bundle or tie up,21
761,たぶたぶ＊＊,たぶたぶ,,,たぶたぶ,"brimming, full to the point of overflowing",48
762,ダブる,ダブる,,,ダブる,"to be duplicated, to be repeated​",125
763,食べ放題＊,食べ放題,,,たべほうだい,All-you-can-eat,148
764,試す,試す,,,ためす,"To attempt, to test",90
765,保つ,保つ,,,たもつ,"To keep, to preserve, to hold",91
766,容易い＊,容易い,容易な、簡単な,問題は容易い～く解決した。,たやすい,"easy, simple, light​",38
767,だらだら＊＊,だらだら,Xてきぱきと、キビキビ、①集中していない ②力が入っていない ③気分が緩む、リラックスし過ぎ,だらだら①と仕事する ②勉強する ③生活した,だらだら,"in drops, dripping, gently (sloping)​",48
768,怠い,怠い,体が,,だるい,Tired or lazy,22
769,弛む,弛む,X 張る、張り詰める,気持ちが弛む。,たるむ,"To slacken, relax",32
770,他愛ない＊,他愛ない,全然大したことない,他愛ない話を楽しむ。,たわいない,"silly, foolish, absurd, childish",43
771,単身,単身,,,たんしん,"Alone, by oneself",84
772,断じて,断じて,,,だんじて,"Absolutely, categorically",61
773,断然,断然,他の人よりもレベルの差がかなり大きい,,だんぜん,"Absolutely, definitely",40
774,知恵,知恵,,賢い、知恵を使って生きる。,ちえ,"Wisdom, sense, intelligence",94
775,近寄り難い＊,近寄り難い,,彼は近寄り難い性格を持っており、友達が少ない。,ちかよりがたい,"Hard to approach, unapproachable",13
776,小っぽけ(な),小っぽけ,とても小さい(強調)、X固い X書き言葉,小っぽけな家、夢、庭幸せ,ちっぽけ,"very small, tiny",38
777,知的(な),知的,,彼は非常に知的で、多くの本を読みます。,ちてき,"Intellectual, intelligent, scholarly",12
778,チャーミング(な),チャーミング,纖細(な)、ニュンさん,彼女はチャーミングな笑顔で人々を引き寄せます。,チャーミング,"Charming, appealing, charismatic",12
779,着手,着手,,,ちゃくしゅ,"Start, commencement",72
780,着色,着色,,,ちゃくしょく,"Coloring, tinting",72
781,着々,着々,,,ちゃくちゃく,"Steadily, gradually",51
782,着目,着目,,,ちゃくもく,"Focus, attention",72
783,着工,着工,,,ちゃっこう,"Start of construction, groundwork",72
784,ちやほや＊＊,ちやほや,なに欲しい、気分良くなるように言う、(例、なんでも買ってあげる)、甘やかされている？？？,彼女は甘やかれて育ったため、いつもちやほやされたがっています。,ちやほや,To pamper or fuss over,18
785,中途半端,中途半端,,,ちゅうとはんぱ,"Halfway, incomplete",40
786,長所,長所,x 短所、良いところ,,ちょうしょ,"strong point, merit, virtue",75
787,調和,調和,,,ちょうわ,"Harmony, agreement",86
788,ちょくちょく＊＊,ちょくちょく,度々、屡々、しょっちゅう、古い言い方,,ちょくちょく,"often, frequently, now and then",50
789,直訳,直訳,,,ちょくやく,Literal translation,89
790,費やす,費やす,時間、お金を,この絵を描くのに３日間費やす～た。,ついやす,"To spend, consume",90
791,使い熟す＊,使い熟す,,,つかいこなす,"To use skillfully, master",130
792,仕える,仕える,,,つかえる,"To serve, work for",89
793,浸かる,浸かる,水、湯の中に入る,暑い日にはプールに浸かるのが最高です。,つかる,"To be soaked, to be immersed, to be submerged",17
794,付き添う＊,付き添う,側についていくで世話をする,彼は祖母が買い物に行くのを付き添う～ています。,つきそう,To accompany or support,22
795,尽きる,尽きる,無くなる,友達との話が尽きる～ない。,つきる,"To run out, be exhausted",34
796,突く②,突く,①軽く何度もつく、細長いものを刺す (お祖母さん) ②箸/ 口ばし(鳥)で食べ物を掴んで食べる,子供が指で私の腕を突く～て、注意を引こうとしました。,つつく,"to poke (repeatedly, lightly), to nudge",16
797,継ぐ,継ぐ,Gharacha Business ,家業を継ぐ。,つぐ,"to succeed (a person, to a position, etc.), to inherit",35
798,尽くす,尽くす,力を全て出す、すっかり〜する、切る=出されたもの食べきれた、前にあるもの、頑張って世話する,①最善(best) を ②ワンピースの漫画を読み ③あるものを食べ尽くす。,つくす,To do one's best or exhaust,18
799,熟+,熟,"+ve, - ve、自分のことをバカだとつくづく思う、あの人はすごいなとつくづく思う",,つくづく,"①deeply ②intently, carefully",50
800,繕う,繕う,外からの見方,,つくろう,"To mend, repair",32
801,告げ口＊,告げ口,秘密ように、人は知らないように、言い付ける meaning②,子供たちは小さな告げ口をして、問題を解決しようとしました。,つげぐち,"Tale telling, telling on (someone)​",18
802,告げる,告げる,知らせる、伝える,彼女に別れを告げる。,つげる,"To tell, to inform",87
803,辻褄,辻褄,,,つじつま,"coherence, consistency​",149
804,突く,突く,つっつく,,つつく,"to poke (repeatedly, lightly), to nudge​",35
805,突っ張る＊,突っ張る,,,つっぱる,"To prop up, brace",129
806,綴り,綴り,,英単語の綴りを覚えるのは学習者にとって重要です。,つづり,Spelling,20
807,綴る,綴る,詩や分を書く、=スペル、WATCH,その難しい単語を綴る～てみてください。,つづる,To spell or write,20
808,努めて,努めて,,,つとめて,"As much as possible, as far as possible",58
809,抓る,抓る,指先で皮膚を引っ張る,頬っぺた (頬っぺ、頬)を抓る。,つねる,"To pinch, to squeeze, to grab",16
810,粒+,粒,,,つぶ,"grain, bead, drop",139
811,呟く,呟く,自分と話す,彼は独り言を呟く～ていたが、何を言っているのかはわかりませんでした。,つぶやく,"To mutter, to murmur, to whisper (usually softly, like talking to oneself or speaking quietly)",16
812,円ら(な),円ら,丸くてかわいい感じ (小さい子供、動物) 、X大人,,つぶら,round and cute (esp. of eyes)​,37
813,瞑る,瞑る,,瞑る～て深呼吸をすることはリラックスに役立ちます。,つぶる,"To close one's eyes, to shut one's eyes (often used in a poetic or metaphorical sense)",16
814,摘む①,摘む,成長する前の才能を伸ばさない。、毟る (根ない) 抜く(根から),①花を ②才能の芽を摘む。,つむ,To pick or pluck something (like a flower or fruit) from a plant,16
815,摘む②,摘む,箸、指先で軽く取る、箸で食べる、塩を,①箸で肉を ②鼻を ③どうぞ摘む～でください。,つまむ,"To pinch, grasp, or hold something between fingers or with a tool",16
816,艶+,艶,,,つや,"gloss, luster, shine",149
817,艶々,艶々,反射しているもの,艶々髪,つやつや,"glossy, bright",48
818,強がる,強がる,子供は『私は泣いているじゃないよ』,,つよがる,"To pretend to be strong, brave",30
819,強まる,強まる,,雨は次第に強まる～り、傘が必要になりました。,つよまる,To become stronger,22
820,強める,強める,,彼はトレーニングを強める～て、筋肉を大きくしました。,つよめる,To strengthen,22
821,連なる,連なる,,,つらなる,"To extend, to stretch out",86
822,連ねる,連ねる,,,つらねる,"To line up, to put in a row",86
823,釣り合う＊,釣り合う,,,つりあう,"to balance, to be in harmony",34
824,手がかり,手がかり,,,てがかり,"Clue, lead",66
825,手掛ける＊,手掛ける,自分の手でAを始める (行う) ,長年、手掛ける～た研究がついに成功した。,てがける,To undertake or start,"21, 92"
826,手が足りない＊,手が足りない,,,てがたりない,"Short of hands, help",144
827,手軽,手軽,,,てがる,"Easy, simple",66
828,手際,手際,物事を処理する、方法、能力、速さ+結果,,てぎわ,"skill, ability, dexterity",94
829,手口,手口,,,てぐち,"Modus operandi, method",66
830,出くわす,出くわす,,公園で古い友達に出くわす～ました。,でくわす,To meet or encounter,18
831,凸凹,凸凹,,,でこぼこ,"unevenness, roughness, ruggedness",148
832,手頃(な),手頃,,,てごろ,"handy, convenient",66
833,デザイン,デザイン,,,デザイン,design,121
834,出しゃばり,出しゃばり,マウさん、余計なことを言ったり、やったりする,彼はいつもクラスで一番の出しゃばりです。,でしゃばり,"Pushy, intrusive, meddlesome",13
835,手数,手数,面倒だけど,お手数ですが,てすう,"Trouble, effort",146
836,手近,手近,,,てぢか,"Close at hand, nearby",66
837,てっきり＊＊,てっきり,確かだと思っていたが、反対でした。,,てっきり,"surely, certainly, without doubt​",52
838,徹する,徹する,,,てっする,"To penetrate, go through thoroughly",93
839,出っ張る＊,出っ張る,,,でっぱる,"To protrude, stick out",129
840,手取り＊,手取り,,,てどり,"Take-home pay, income",84
841,出直す＊,出直す,,,でなおす,"To start over, redo",130
842,手に余る＊,手に余る,,,てにあまる,"Beyond one's control, overwhelming",144
843,手に負えない＊,手に負えない,,,てにおえない,Unmanageable,144
844,手はず,手はず,,,てはず,"Arrangements, preparations",66
845,手引き＊,手引き,,,てびき,"Guidance, help",66
846,デブ,デブ,,,デブ,"fat, chubby​",148
847,手本,手本,自分のとってのいい例,①彼は学生達は②この手本①だ。②を見て書いてください。,てほん,"Model, example",66
848,出向く＊,出向く,,,でむく,"To go to a different location, be transferred",85
849,手も足も出ない＊,手も足も出ない,,,てもあしもでない,"Unable to do anything, helpless",144
850,手元,手元,,,てもと,"On hand, within reach",66
851,デリケート(な),デリケート,,彼女は非常にデリケートな花のようにです。,デリケート,"Delicate, sensitive, fragile","12, 122"
852,手分け＊,手分け,,,てわけ,"Division of labor, sharing tasks",66
853,手を打つ＊,手を打つ,,,てをうつ,"To take action, make a move",144
854,手を切る＊,手を切る,,,てをきる,"To sever ties, relationships",144
855,手を尽くす＊,手を尽くす,,,てをつくす,"To do one's best, make every effort",144
856,手を抜く＊,手を抜く,,,てをぬく,"To cut corners, slack off",144
857,手を焼く＊,手を焼く,,,てをやく,"To have trouble dealing with, be in a predicament",144
858,伝記,伝記,,,でんき,Biography,87
859,点差,点差,,,てんさ,Point difference,88
860,テンション,テンション,,,テンション,"(emotional) tension, anxiety",123
861,転じる,転じる,,,てんじる,"To change, shift",93
862,伝説,伝説,,,でんせつ,"Tradition, legend",88
863,てんで＊＊,てんで,,,てんで,"(not) at all, completely, utterly",57
864,転々,転々,,,てんてん,"Moving from place to place, changing repeatedly",51
865,点々,点々,,,てんてん,"Here and there, scattered",51
866,同意,同意,,,どうい,"Agreement, consent, approval",66
867,同一,同一,,,どういつ,"Identical, the same",66
868,同期,同期,,,どうき,"Same period, corresponding period",66
869,当日,当日,,,とうじつ,"Appointed day, the day (of issue, publication, etc.)",84
870,同上,同上,,,どうじょう,The same as above,66
871,当選,当選,,彼は国会議員に当選しました。 ,とうせん,"being elected​, being selected (for a prize, etc.)",84
872,同調,同調,,,どうちょう,"Agreement, harmony",66
873,到底～ない＊,到底～ない,どう頑張ってもダメだ。否定的な語彙,私は東大に合格するなんて到底～ない無理だ！,とうてい～ない,"By no means, impossible",55
874,どうにか＊＊,どうにか,(→取り急ぎお礼まで。),,どうにか,"in some way or other, one way or another",59
875,当人,当人,,,とうにん,The person in question,84
876,当番,当番,,,とうばん,"Duty, being on shift",84
877,どうやら＊＊,どうやら,,,どうやら,"possibly, apparently, (seem) likely",59
878,遠ざかる,遠ざかる,遠く離れて行く、危ないから子供からストーブを遠ざける。、彼女を遠ざける。,意識が遠ざかる。,とおざかる,To move away or drift apart,22
879,遠回り＊,遠回り,,,とおまわり,Detour (Long cut),68
880,兎角,兎角,,,とかく,①(doing) various things ②being apt to,58
881,咎める,咎める,दम भरणे 、遅刻が多い、悪いところがある、優しく相談する,彼女は自分を咎めることなく、過去の過ちから学ぼうとしています。,とがめる,To blame or reprimand,18
882,尖る,尖る,鋭い,尖る～たナイフ,とがる,"To sharpen, become pointed",33
883,時折,時折,,,ときおり,"Occasionally, at times",54
884,途切れる＊,途切れる,途中で切る、もう１度始まることができます。,,とぎれる,"to break off, to come to an end, to be interrupted",34
885,説く,説く,,,とく,"To explain, advocate",88
886,特産,特産,,,とくさん,"Specialty, local product",74
887,独自,独自,,この製品は独自のデザインと機能を備えています。,どくじ,"Original, unique, distinctive, independent",94
888,特集,特集,,,とくしゅう,"Feature, special coverage",74
889,特色,特色,,,とくしょく,"Characteristic, feature",74
890,特有,特有,,,とくゆう,"Unique, characteristic to a specific thing, place",74
891,溶け込む＊,溶け込む,,,とけこむ,"to melt into, to dissolve into",128
892,所々,所々,あちこち,,ところどころ,"here and there, in places​",51
893,土砂,土砂,,,どしゃ,"Earth and sand, sediment",76
894,ドジる,ドジる,,,ドジる,"to fail, to mess up, to bungle",125
895,土台,土台,,,どだい,"Foundation, base",76
896,途絶える＊,途絶える,もう１度できません、天皇様からおいさんは即位される。,,とだえる,"To stop, to cease, to come to an end","34, 92"
897,咄嗟に,咄嗟に,その瞬間,ボールが飛んで来たので、咄嗟に避けた。,とっさに,"at once, immediately, instantly",54
898,土手,土手,,,どて,"Embankment, levee",76
899,整える,整える,,,ととのえる,"To put in order, to arrange",92
900,止まる,止まる,,,とまる,"To stop, come to a halt",34
901,留める,留める,動かない、(頭、心に残している),君と出会いは記憶に留める。,とどめる,"To retain, keep",34
902,惚ける,惚ける,態と知らないと言う事、知っているけど知らない振りする、娘返して、返事: そんな約束したかなあ。,,とぼける,"to play dumb, to play innocent",30
903,乏しい,乏しい,足りない,お金、経験に乏しい。,とぼしい,"Meager, scarce",38
904,戸惑う＊,戸惑う,どうしたら良いのか分からず、困る,日本の生活に戸惑う。,とまどう,"to be bewildered, to be perplexed",30
905,富む,富む,財産がたくさんある、栄養がたくさんある,,とむ,"To be rich in, to be full of",90
906,共稼ぎ＊,共稼ぎ,,,ともかせぎ,(husband and wife) earning a living together​,148
907,共働き＊,共働き,夫婦が共に働いている,,ともばたらき,"(husband and wife) both working, dual income",148
908,吃る,吃る,緊張してどもっちゃった。,,どもる,"to stammer, to stutter",30
909,トラウマ,トラウマ,,,トラウマ,trauma (usu. psychological),122
910,取り敢えず＊,取り敢えず,,,とりあえず,"For now, temporarily",58
911,取り急ぎ＊,取り急ぎ,,,とりいそぎ,"Hastily, for the time being",146
912,取り囲む＊,取り囲む,,,とりかこむ,"To surround, encircle",126
913,取り込む＊,取り込む,,,とりこむ,"to take in, to bring in, to introduce",128
914,取り締まる＊,取り締まる,,,とりしまる,"To regulate, enforce",126
915,取り調べる＊,取り調べる,,,とりしらべる,"To interrogate, investigate",126
916,取り立てる＊,取り立てる,,,とりたてる,"To collect, demand",126
917,取り次ぐ＊,取り次ぐ,,,とりつぐ,"to pass on (a message, thoughts, etc.), to convey",126
918,取り引き＊,取り引き,,,とりひき,"Transaction, deal",126
919,取り分＊,取り分,,,とりぶん,"Share, portion",84
920,取り巻く＊,取り巻く,,,とりまく,"To surround, enclose",126
921,取り混ぜる＊,取り混ぜる,,,とりまぜる,"To mix, blend",126
922,取り戻す＊,取り戻す,,,とりもどす,"To regain, recover",126
923,取り寄せる＊,取り寄せる,,,とりよせる,"To order, to send away for",126
924,ドリル,ドリル,,,ドリル,"drill bit, drill",121
925,取り分け＊,取り分け,特に,,とりわけ,"especially, particularly",56
926,蕩ける,蕩ける,熱で柔らかくなる、溶ける(水ー氷) ,チーズ、バターが蕩ける。,とろける,"To melt, dissolve",32
927,度忘れ＊,度忘れ,,,どわすれ,Forgetfulness,148
928,内心,内心,,,ないしん,"Inner feelings, true thoughts",67
929,ナイター,ナイター,,,ナイター,"game under lights (e.g. baseball), night game",133
930,尚更,尚更,,,なおさら,"still more, even more, all the more",56
931,長い目で見る＊,長い目で見る,,,ながいめでみる,"To take the long view, have a long-term perspective",142
932,長々,長々,,,ながなが,"for a long time, at great length",51
933,殴る,殴る,Punch,彼は怒っていて、壁に拳を殴る～ました。,なぐる,"To strike, to hit, to punch",18
934,嘆く,嘆く,心を痛めて酷く悲しい気持ちになる,ペットの死、不合格を嘆く。,なげく,"To lament, mourn",30
935,投げ出す＊,投げ出す,,,なげだす,"to throw down, to throw out",128
936,和む,和む,落ち着く、トラックラスできる,①心が、この音楽を聞くと②寒さが和む①。②～で来た。,なごむ,"To be softened, to calm down","31, 86"
937,和やか(な),和やか,落ち着いている、平和な、穏やかな,①話し合いは和やか①に終わった。②な会話、彼、２人,なごやか,"Gentle, harmonious",36
938,情けない,情けない,①恥ずかしい ②見っともない ③可哀想で見て居られない,注射で泣いて情けない。,なさけない,"Miserable, pitiable, shameful, deplorable",14
939,情け深い＊,情け深い,,情け深い人が、捨てられた子猫を拾って育ててくれた。,なさけぶかい,"Compassionate, kind-hearted, sympathetic",12
940,詰る,詰る,相手の悪いところを言う,①先生は私にたくさんの質問を ②顔を詰る①～ました。②られた。,なじる,"to scold, to tell off, to find fault",18
941,宥める,宥める,まあ、まあ、まあ、落ち着いて、Vaibhi の怒り,彼は友達の怒りを宥めるのが得意です。,なだめる,To pacify or soothe,18
942,懐く,懐く,慣れて、親しくなる,誰にでも懐く犬。,なつく,To become attached,18
943,名付け親＊,名付け親,,彼女は名付け親から受けた愛情に感謝しています。,なづけおや,Godparent,19
944,名付ける＊,名付ける,,AをB (名前) と名付ける。,なづける,To name or christen,19
945,何気ない＊,何気ない,なにも考えないで言ったこと,何気ない言葉に傷付く。,なにげない,"Casual, nonchalant",38
946,何卒,何卒,何分(なにぶん),,なにとぞ,"please, kindly, I beg of you",146
947,何もかも,何もかも,,,なにもかも,"Everything, all",138
948,何より,何より,,,なにより,"Above all, more than anything",56
949,生身,生身,,,なまみ,"Living flesh, human",84
950,滑らか,滑らか,つるつる,滑らかな肌,なめらか,"Smooth, polished",36
951,悩ます,悩ます,,,なやます,"To harass, to molest",90
952,慣らす,慣らす,,,ならす,"To accustom, to train (e.g. One's ear)​",90
953,成り立つ＊,成り立つ,,,なりたつ,"To be established, come into existence",130
954,成る丈＊,成る丈,,,なるたけ,"as (much) as possible, as (much) as one can",58
955,馴れ初め＊,馴れ初め,,,なれそめ,"start of a romance, beginning of love",148
956,馴れ馴れしい,馴れ馴れしい,ソフさん,あの人は一度お茶を飲んだだけなのに、馴れ馴れしい態度をとる。,なれなれしい,"Overly familiar, too friendly",13
957,何だ彼だ,何だ彼だ,,,なんだかんだ,"Somehow, in one way, another",138
958,何て,何て,,,なんて,"how ...!, what ...!​",57
959,何でもかんでも,何でもかんでも,,,なんでもかんでも,Anything and everything,138
960,何と,何と,,,なんと,"what, how",57
961,ナンパ,ナンパ,,,ナンパ,"playboy, picking up women",148
962,似合い＊,似合い,,,にあい,"Suitability, compatibility",148
963,ニート,ニート,,,ニート,"NEET (young person not in education, employment or training)",123
964,似通う＊,似通う,,,にかよう,To resemble closely,91
965,憎たらしい,憎たらしい,憎いことは起きる,彼の行動は本当に憎たらしいです。,にくたらしい,"Hateful, detestable, abhorrent",13
966,逃げ出す＊,逃げ出す,,,にげだす,"To run away, to escape",128
967,滲む,滲む,,,にじむ,"to spread, to blur",138
968,日夜,日夜,,,にちや,"Day and night, constantly",72
969,日中,日中,,,にっちゅう,"during the day, Japan and China​",72
970,日当,日当,,,にちあて,"Daily allowance, per diem",79
971,二度と～ない＊,二度と～ない,これから絶対に〜ない,二度と～ない遅刻はしません。,にどと～ない,Never again,55
972,鈍る,鈍る,,,にぶる,"To become dull, blunt",90
973,入院,入院,する,部長の突然の入院で会社は混乱になってしまいました。,にゅういん,To be hospitalized,22
974,入手,入手,,,にゅうしゅ,"Acquisition, obtaining",66
975,妊娠,妊娠,する,彼女は妊娠中で、幸せそうです。,にんしん,To become pregnant,22
976,認知症,認知症,Alzaimer is part of it,老齢に伴い、認知症のリスクが高まります。,にんちしょう,Dementia,23
977,抜かす,抜かす,,,ぬかす,"To omit, to skip​, to overtake",90
978,抜け出す＊,抜け出す,,,ぬけだす,"to break free, to get through (a difficult situation)",128
979,音色,音色,,,ねいろ,Timber (Tone quality),76
980,値打ち＊,値打ち,,,ねうち,"Price, value, dignity",94
981,寝かす,寝かす,,母は子供たちを寝かす～えました。,ねかす,To put to sleep,92
982,寝かせる,寝かせる,,,ねかせる,"To let sit, lay to rest",92
983,寝苦しい＊,寝苦しい,,暑くて寝苦しい。,ねぐるしい,"Sleepless, unable to sleep",36
984,猫の手も借りたい＊,猫の手も借りたい,,,ねこのてもかりたい,"Extremely busy, wanting even the help of a cat​",147
985,捩れる,捩れる,,,ねじれる,"to get twisted, to get crooked",138
986,ねた＊＊,ねた,,,ねた,"material (for a story, article, etc.), joke, proof",149
987,妬む,妬む,だから嫌い、羨ましいでも嫌いの方で,彼女は他の成功者を妬む～でいる。,ねたむ,"To envy, be jealous",18
988,強請る＊,強請る,Aが欲しいと言う、目下の人が目上の人に使う、同じレベル人,子供たちはお菓子、おもちゃを強請る～ました。,ねだる,"To beg, pester",18
989,ネックになる＊,ネックになる,,,ネックになる,Becoming a problem,121
990,熱中症,熱中症,,熱中症にならないように水分をこまめに摂りましょう。,ねっちゅうしょう,heatstroke,23
991,粘り強い＊,粘り強い,途中で切れない、柔らなくて伸ばす、最後まで頑張る,彼は粘り強い～く目標に向かって努力し続けました。,ねばりづよい,"Tenacious, persevering, persistent",12
992,根回し＊,根回し,,,ねまわし,"Laying the groundwork, behind-the-scenes maneuvering",84
993,練る,練る,,,ねる,"To thicken into a paste (stirring over a flame)(knead), to polish (a plan, etc.)",90
994,を上げる＊,を上げる,,,をあげる,"To raise, elevate",115
995,念入り＊,念入り,細かいところまでしっかり注意する、大雑把な,②彼女は家に来るので念入り①に化粧する②に掃除する。,ねんいり,"Careful, thorough",39
996,捻挫,捻挫,link with 捻る,足首を捻挫したので、安静にしてください。,ねんざ,Sprain,"22, 25"
997,ノイローゼ,ノイローゼ,,,ノイローゼ,"neurosis, nervous breakdown, mental problem",133
998,逃す,逃す,(逃げさせた人、嫌な物から逃げる) 嫌な事を忘れよ！,チャンスを逃す～た。,のがす,"To miss (e.g. A chance), to lose, to let get away",21
999,逃れる,逃れる,,彼女は事故から逃れることができました。,のがれる,To escape or avoid,21
1000,軒並み＊,軒並み,,,のきなみ,"Across the board, universally",94
1001,残らず,残らず,,,のこらず,"Without exception, entirely",57
1002,望ましい,望ましい,Aであって欲しい,①バランスがいい食事するのが ②この仕事は経験があると③面接にはスーツが望ましい。,のぞましい,"hoped for, preferable",14
1003,乗っ取る＊,乗っ取る,,,のっとる,"To take over, hijack",130
1004,長閑(な),長閑,静かでのんびりしている感じ、田舎,長閑な風景,のどか,"tranquil, calm, quiet",36
1005,喉から手が出る＊,喉から手が出る,,,のどからてがでる,"To be in high demand, coveted",147
1006,罵る,罵る,あなたは悪いんだと、給料泥棒,彼は部下を罵る～ましたが、後で謝りました。,ののしる,To scold or abuse verbally,18
1007,飲み込む＊,飲み込む,,,のみこむ,"To swallow, absorb",128
1008,飲み放題＊,飲み放題,,,のみほうだい,All-you-can-drink,148
1009,乗り込む＊,乗り込む,,,のりこむ,"to board, to embark on, to get into (a car)",128
1010,ノルマ,ノルマ,,,ノルマ,"(one's) quota, assignment​",122
1011,バージョンアップ,バージョンアップ,,,バージョンアップ,"(software) update, upgrade (to a new version)​",124
1012,肺炎,肺炎,,,はいえん,Pneumonia,23
1013,バイオ,バイオ,,,バイオ,"bio-, biotechnology",120
1014,ハイテク(な),ハイテク,,,ハイテク,high-tech,120
1015,ハイネック,ハイネック,,,ハイネック,high-necked,121
1016,売買,売買,,,ばいばい,"Trade, buying and selling",73
1017,映える,映える,,,はえる,"To shine, stand out",92
1018,捗る,捗る,順調を進む,仕事、勉強が捗る。,はかどる,"To make progress, go smoothly",32
1019,儚い,儚い,消えやすい、すぐに消えてしまう,②愛は儚い①夢だった。②ものだ。,はかない,"transient, short-lived, momentary",38
1020,馬鹿馬鹿しい,馬鹿馬鹿しい,,その冗談は馬鹿馬鹿しいです。,ばかばかしい,"Absurd, ridiculous, nonsensical",14
1021,剥ぐ,剥ぐ,外にある(皮)ものを取る,,はぐ,"to tear off, to peel off",32
1022,励ます,励ます,元気をつけてあげる、応援する,友人は私を励ます～てくれました。,はげます,To encourage or cheer up,18
1023,剥げる,剥げる,,①壁のペンキが②古い本の表紙が剥げる①～てきた。②～ている。,はげる,"to peel off, to come off",32
1024,化ける,化ける,,,ばける,"To take the form of (esp. In ref. To a spirit, fox, raccoon dog, etc.)",34
1025,麻疹,麻疹,,麻疹の予防接種は非常に重要です。,はしか,Measles,25
1026,弾く,弾く,防水加工、防水この、力で飛ばす,,はじく,"To pluck, play a musical instrument",32
1027,恥じらう,恥じらう,恥ずかしい気持ちになる,,はじらう,"To be shy, bashful",91
1028,恥を掻く＊,恥を掻く,恥ずかしい気持ちになる,彼は恥を掻く～ないようによく注意します。,はじをかく,"To feel embarrassed or ashamed, to lose face",15
1029,叩く②,叩く,誇りを取る,誇り、布団を叩く。,はたく,"To strike, to hit, to beat (often with hands or an object)",16
1030,果たす,果たす,,,はたす,"To accomplish, to achieve, to carry out",90
1031,バツイチ,バツイチ,,,バツイチ,"x (mark), cross",148
1032,発足,発足,,,はっそく,"Inauguration, establishment",76
1033,発達障害,発達障害,頭の問題,発達障害の子供たちに専門的なサポートが必要です。,はったつしょうがい,Developmental disorder,25
1034,はっと＊＊,はっと,あああ、びっくりした,①物音にはっと②気がつく①する。,はっと,Sudden,53
1035,初耳,初耳,,,はつみみ,Something heard for the first time,94
1036,果てしない,果てしない,,,はてしない,"Endless, infinite",40
1037,バテる＊＊,バテる,夏バテ、働けなくてなるぐらい疲れる、全部使っちゃう,,ばてる,"to be exhausted, to be worn out​",30
1038,パトカー,パトカー,,,パトカー,Patrol car or police car,133
1039,バトンタッチ,バトンタッチ,"Wasei, word made in Japan, From English “baton touch”",,バトンタッチ,"passing the baton (in a relay race), baton pass",121
1040,鼻が高い＊,鼻が高い,,,はながたかい,"To be proud, conceited",143
1041,放つ,放つ,,,はなつ,"To fire (gun, arrow, questions, etc.), to shoot, to hit (e.g. Baseball)",91
1042,鼻に掛ける＊,鼻に掛ける,,,はなにかける,"To take pride in, set one's heart on",143
1043,鼻に付く＊,鼻に付く,,,はなにつく,"To be fed up with, annoyed by",143
1044,甚だ,甚だ,#NAME?,甚だ迷惑だ。,はなはだ,"Very, extremely",49
1045,甚だしい,甚だしい,,勘違いが甚だしい。,はなはだしい,"Excessive, extreme",40
1046,華々しい,華々しい,花がたくさんあるような、お金、賞全部で豊かな人,,はなばなしい,"Splendid, brilliant",36
1047,羽を伸ばす＊,羽を伸ばす,,,はねをのばす,"To stretch one's wings, relax",115
1048,阻む,阻む,邪魔をする,Aチームの連勝を阻む～だのはBチームだ。,はばむ,To obstruct or hinder,20
1049,バブル,バブル,,バブル経済,バブル,"bubble, bubble economy",123
1050,嵌まる,嵌まる,①穴のような所に落ちる ②ちょうど入る ③習慣になった/ 決まったやり方で行う、個性がない ④夢中になる,①池に②机の引き出しが③型に④君に嵌まる①②～ない。③～た挨拶 (意見)、自己紹介④。,はまる,"To be fitted, caught",34
1051,生やす,生やす,Aが生える。髭、芽、歯が,①髭を②木が 根を生やす。,はやす,To grow or cultivate,20
1052,早まる,早まる,早くなる,予定より早まることはありませんでした。,はやまる,To become early or hasty,22
1053,早める,早める,早くする,①朝の起床時間を ②彼は出発を早める①②必要があると思っています。,はやめる,"To bring forward (e.g. By 3 hours), to advance",22
1054,ばらす＊＊,ばらす,秘密を知らせる、マイナスの意味で,パズルのピースをばらす～てから再度組み立てました。,ばらす,"to expose (a secret), to disclose",18
1055,はらはら＊＊,はらはら,心配で落ち着かない、①他の人の危ない様子を見て心配する様子 ②軽いもの静かに出ている,元彼女を思い出してはらはら泣いている。,はらはら,"to feel anxious, to feel nervous",50
1056,ばらばら＊＊,ばらばら,一つに纏まらない,,ばらばら,"scattered, disperse, loose",48
1057,ばら撒く,ばら撒く,バラバラに撒く,子供たちは花びらを庭にばら撒く～ました。,ばらまく,To scatter or spread,20
1058,張り,張り,,張りのある肌,はり,"stretch, tension",149
1059,バリアフリー,バリアフリー,planned or designed to facilitate accessibility for the elderly and disabled,,バリアフリー,barrier-free,123
1060,腫れる,腫れる,皮膚が厚くする,怪我の後、手首は腫れる～ました。,はれる,To swell,"22, 33"
1061,ばれる＊＊,ばれる,,,ばれる,"to leak out (of a secret), to be exposed (of a lie, improper behaviour, etc.)",34
1062,パワハラ,パワハラ,harassment (in the workplace) from a position of power,,パワハラ,power harassment​,120
1063,ハンデ,ハンデ,ハンディキャップ,,ハンデ,handicap,120
1064,万人,万人,,,ばんにん,"Everyone, all people",70
1065,半端,半端,,,はんぱ,"Incomplete, half",40
1066,延いては,延いては,,,ひいては,"by extension, in turn, by the same token",58
1067,控え室＊,控え室,,医師の診察を待つ間、控え室で本を読みました。,ひかえしつ,Waiting room,20
1068,控える,控える,①用事の順番が来るまで待つ ②止める、量を減らす (yamato dining hall),①隣の教室で②アルコル、私語を控える。①、控え室 ,ひかえる,To refrain or wait,20
1069,引き起こす＊,引き起こす,,,ひきおこす,"To cause, bring about",126
1070,引き下げる＊,引き下げる,,,ひきさげる,"To lower, reduce",126
1071,引きずる,引きずる,地面につくように歩く、荷物を持つ,,ひきずる,"To drag, pull",33
1072,引き立てる＊,引き立てる,,,ひきたてる,"To promote, support",126
1073,引き継ぐ＊,引き継ぐ,,,ひきつぐ,"To inherit, take over",126
1074,引き分け＊,引き分け,,,ひきわけ,"A draw (in a game, contest)",148
1075,見ごろ,見ごろ,,,みごろ,"Best time to see, peak time",72
1076,日差し＊,日差し,,今日は日差しが強いですね。 ,ひざし,"sunlight, rays of the Sun",88
1077,久しい,久しい,,,ひさしい,"Long (time that has passed), old (story)",38
1078,歪み,歪み,,,ひずみ,"strain, deformation",149
1079,密か,密か,内緒にしている,密か①な楽しみ②に出かける。,ひそか,"Secret, hidden",39
1080,只管,只管,,,ひたすら,"intently, single-mindedly, devotedly",56
1081,左利き＊,左利き,,,ひだりきき,Left-handed,88
1082,ぴたり＊＊,ぴたり,ぴったり,②ぴたりと言い当てる。,ぴたり,"①tightly, closely​ ②exactly",53
1083,引っ掻く＊,引っ掻く,,猫は私に引っ掻く。,ひっかく,To scratch,22
1084,引っ込む＊,引っ込む,,,ひっこむ,"To withdraw, retract",128
1085,びっしょり(な)＊＊,びっしょり,特に全身が雨などで濡れている様子,運動して汗びっしょりになった。,びっしょり,"wet through, drenched",52
1086,一息,一息,,,ひといき,one breath,140
1087,人柄,人柄,,,ひとがら,"Personality, character",89
1088,一苦労,一苦労,,,ひとくろう,"A hard time, trouble",140
1089,人気,人気,にんき,人気がない,ひとけ,"sign of life, human presence",68
1090,一頃,一頃,,,ひところ,"Once upon a time, in the past",140
1091,一筋,一筋,,,ひとすじ,"One's sole focus, single-mindedly",140
1092,人違い＊,人違い,,,ひとちがい,Mistaking one person for another,148
1093,人並み＊,人並み,,,ひとなみ,"Average, ordinary",94
1094,一眠り＊,一眠り,,,ひとねむり,A short nap,140
1095,人任せ＊,人任せ,,,ひとまかせ,"Leaving it to others, relying on others",94
1096,人見知り＊,人見知り,初めに会った人と話さない。,彼女は初対面の人に人見知りします。,ひとみしり,To be shy or have social anxiety,19
1097,人目,人目,,,ひとめ,"Public attention, notice",70
1098,一目惚れ＊,一目惚れ,,彼女に一目惚れした瞬間、僕の人生が変わった。,ひとめぼれ,Love at first sight,148
1099,一休み＊,一休み,,,ひとやすみ,"A short break, rest",140
1100,日取り＊,日取り,,,ひどり,"Date, day",84
1101,日向,日向,,,ひなた,"Sunny place, sunshine",79
1102,日々,日々,,,ひび,"Day by day, every day",72
1103,罅+,罅,,,ひび,"Crack, fissure",139
1104,皮膚,皮膚,,皮膚が日光にさらされると日焼けします。,ひふ,Skin,22
1105,皮膚炎,皮膚炎,皮膚が痒くなる,皮膚炎の症状はかゆみと赤みを伴います。,ひふえん,Dermatitis or skin inflammation,23
1106,冷やかす,冷やかす,相手を困るようなことを言う,彼は友達を冷やかすのが好きです。,ひやかす,"To banter, to make fun of",18
1107,ひょっとして＊＊,ひょっとして,,,ひょっとして,"by any chance, (should) it happen (that)",59
1108,ひょっとすると＊＊,ひょっとすると,,,ひょっとすると,"perhaps, maybe",59
1109,平たい,平たい,厚みが無く平らな,,ひらたい,"Flat, level",38
1110,ひらひら＊＊,ひらひら,舞うは移動しているでもひらひらは動かす、軽くて薄いもの,ひらひらしている桜、スカート,ひらひら,"flapping, waving​",48
1111,びり＊＊,びり,,,びり,"last (on the list), (at the) bottom",148
1112,疲労,疲労,体を使って疲れる,①貧血の症状は疲れやすさと ②空腹と疲労で目眩がした。,ひろう,"Exhaustion, fatigue",22
1113,ピンからキリまで＊＊,ピンからキリまで,,,ピンからキリまで,"from the best to the worst, from top to bottom",146
1114,貧血,貧血,,①貧血の症状は疲れやすさと ②空腹と疲労で目眩がした。,ひんけつ,anemia,22
1115,ピンセット,ピンセット,"From French “pincette”, From Dutch, Flemish “pincet” ( tools used for picking up objects too small to be easily handled with the human hands)",,ピンセット,"tweezers, forceps",121
1116,ぴんぴん＊＊,ぴんぴん,元気,,ぴんぴん,"lively, energetic",50
1117,ファザコン,ファザコン,,,ファザコン,father complex,120
1118,不要想,不要想,,不要想を持ちすぎて、ストレスを感じてしまいます。,ふようそう,"Unnecessary, pointless, superfluous",13
1119,不意(な),不意,突然、驚いて,不意に①子供が飛び出してきた。②ヒルミさんが大声を出した。,ふい,"Sudden, unexpected",54
1120,風習,風習,,,ふうしゅう,"Custom, tradition",76
1121,風疹,風疹,,,ふうしん,Rubella,25
1122,風土,風土,,,ふうど,"Local customs, climate",76
1123,不可欠,不可欠,,,ふかけつ,"Essential, indispensable",95
1124,不気味,不気味,気味が悪い、見ていて気分が悪くなる,夜の森は真っ黒で不気味です。,ぶきみ,"weird, ominous, creepy",38
1125,副業,副業,,,ふくぎょう,"Side job, sideline",124
1126,老ける,老ける,年をとって見える、実年齢は関係無い、『老け顔』,,ふける,"To age, grow old",31
1127,不細工,不細工,"姿、形が悪い、格好が悪い、(+ve, ぶさかわ猫、犬)",不細工な顔,ぶさいく,Lack of physical attractiveness,38
1128,相応しい＊,相応しい,面接と 葬式の服,医者になるとして相応しい。,ふさわしい,"appropriate, suitable",14
1129,不正,不正,,,ふせい,"Wrongdoing, irregularity",74
1130,不通,不通,,,ふつう,"Interruption, suspension of service",74
1131,物体,物体,,,ぶったい,"Object, thing",73
1132,踏み込む＊,踏み込む,,,ふみこむ,"To step into, enter (a situation)",128
1133,不明,不明,分からない点,ご不明な点,ふめい,"Unknown, unclear",74
1134,プラス,プラス,マイナス,,プラス,"plus, addition",124
1135,プラスα,プラスα,,,プラスアルファ,"something extra, something on top, icing on the cake​",124
1136,ふらふら＊＊,ふらふら,頭が変、子供、お酒飲み過ぎて,,ふらふら,"①unsteadily (e.g. on one's feet), shakily ②wavering (in one's mind)",50
1137,ブランド,ブランド,,,ブランド,brand,122
1138,フリーター,フリーター,,,フリーター,Freeter (young person working temporary jobs),124
1139,振り返る＊,振り返る,過去を見る,,ふりかえる,"To look back, reflect",129
1140,不良,不良,,,ふりょう,"Delinquent, troublemaker",74
1141,震わす,震わす,,,ふるわす,"To shake, tremble (transitive)",92
1142,震わせる,震わせる,,,ふるわせる,"To shake, tremble (causative form)",92
1143,触れ合う＊,触れ合う,,旅行よりも深く自然と触れ合う～えるちょっとした田舎暮らし。,ふれあう,"To interact with, come into contact with",131
1144,無礼,無礼,,無礼な言動は避けるべきです。,ぶれい,"Rudeness, impoliteness, discourtesy",13
1145,ブレイク,ブレイク,,,ブレイク,break (rest),122
1146,プレゼン,プレゼン,,,プレゼン,presentation,120
1147,プレッシャー,プレッシャー,,,プレッシャー,pressure,123
1148,ぶれる＊＊,ぶれる,ずれている、手ぶれ写真 (惚ける=はっきり見えない、黒板の字が惚けて見える),①写真が②あなたの考え方はぶれる①～ている。②～ているよ！,ぶれる,"to be blurred (due to motion, of a photo, video, etc.)",32
1149,分業,分業,,,ぶんぎょう,Division of labor,76
1150,ふんだん(な)＊＊,ふんだん,,,ふんだん,"plentiful, abundant",58
1151,分別,分別,意味があるかないか判断できる事,,ぶんべつ,"separation (e.g. of rubbish when recycling), classification",67
1152,分別,分別,,,ぶんべつ,"separation (e.g. of rubbish when recycling), classification",67
1153,文明,文明,,,ぶんめい,"Civilization, culture",70
1154,分野,分野,,,ぶんや,"field, sphere, division",67
1155,ペアルック,ペアルック,"Wasei, word made in Japan, From English “pair look”",,ペアルック,matching clothing worn by couples,124
1156,ペーパードライバー,ペーパードライバー,"Wasei, word made in Japan, From English “paper driver”",,ペーパードライバー,person who has a driving licence but little or no experience actually driving (license)​,124
1157,ぺこぺこ＊＊,ぺこぺこ,まるっきり、①頭を下げる,①頭が②お腹がぺこぺこ①②する。,ぺこぺこ,①bowing repeatedly ②very hungry,50
1158,ベッドタウン,ベッドタウン,"Wasei, word made in Japan, From English “bed town”",,ベッドタウン,"commuter town, bedroom community",124
1159,ベビーカー,ベビーカー,,,ベビーカー,"buggy, pushchair",133
1160,謙る,謙る,～態度で接する,彼は謙る～りながら謝罪しました。,へりくだる,to deprecate oneself and praise the listener,19
1161,経る,経る,,,へる,"To pass, to elapse, to go by",92
1162,ヘルスメーター,ヘルスメーター,"Wasei, word made in Japan, From English “health meter”",,ヘルスメーター,bathroom scales,124
1163,便秘,便秘,,適切な食事と水分摂取が便秘を防ぎます。,べんぴ,Constipation,22
1164,報じる,報じる,,,ほうじる,"To report, inform",93
1165,呆然とする＊,呆然とする,,事故現場に呆然とする驚いて声を出さない。,ぼうぜんとする,"overcome with surprise, in blank amazement",30
1166,棒に振る＊,棒に振る,,,ぼうにふる,"To waste, squander",115
1167,方々,方々,,,ほうぼう,"In various places, everywhere",51
1168,放り込む＊,放り込む,,,ほうりこむ,"To throw in, toss in",121
1169,放り出す＊,放り出す,,,ほうりだす,"To throw out, cast away",128
1170,呆ける,呆ける,①あの人の名前なんだったっけ？、②色、形はっきりしない、写真はよく見えない、『ピンボケ』,,ぼける,"to be mentally slow, to be childish with age",30
1171,母国,母国,,,ぼこく,Mother country,76
1172,綻びる,綻びる,,,ほころびる,"To come apart, to open a seam",138
1173,発作,発作,急に激しく怒る,,ほっさ,Seizure or fit,23
1174,発足,発足,,,はっそく,"Inauguration, establishment",76
1175,勃々,勃々,,,ぼつぼつ,"spirited, rising, energetic",50
1176,解ける②,解ける,,①いちばん頭の良い生徒でさえ、その問題は ②靴ひもが ③そのおかげで誤解が④固体が解ける～なかった。②～た。③。④と液体になる。,ほどける,"①to be solved ②to loosen ③to be removed (of restrictions) ④to dissipate (of anger, tension, etc.), to melt away",138
1177,程々,程々,飲み過ぎないように,,ほどほど,moderate,49
1178,ぼやく＊＊,ぼやく,不平、不満を言う,『恋人がいない』とぼやく,ぼやく,to complain,30
1179,ぼやける＊＊,ぼやける,はっきりしていない,,ぼやける,"to become dim, to become blurred",32
1180,本音,本音,,,ほんね,"True feelings, real intention",76
1181,本場,本場,,,ほんば,"The home, place of origin for a particular skill, activity",74
1182,ポンプ,ポンプ,,,ポンプ,pump,133
1183,マイナス,マイナス,,,マイナス,minus,124
1184,前売り＊,前売り,,,まえうり,Advance sale,73
1185,前置き＊,前置き,,彼は話を始める前に長い前置きをしました。,まえおき,"preface, introduction",85
1186,前借り＊,前借り,,,まえがり,Borrowing money in advance,85
1187,前払い#,前払い,,旅行代金を前払いしました。,まえばらい,Payment in advance,85
1188,前向き＊,前向き,,,まえむき,"Positive, forward-looking",85
1189,任す,任す,人の責任としてAをお願いする、(仕事、リーダーを任す),人にAを任す= 任せる,まかす,"To entrust, to leave to a person",31
1190,負かす,負かす,,,まかす,To defeat,90
1191,紛らわしい,紛らわしい,"とても似ていて区別するのが難しい、Pritam, Nayan",,まぎらわしい,"Confusing, misleading",38
1192,負けず嫌い＊,負けず嫌い,,,まけずぎらい,"Hating to lose, being competitive",148
1193,間誤付く＊,間誤付く,どうすれば良いか分からず、うろうろしてしまう。,行くたびに間誤付く。,まごつく,"to be confused, to be flustered",30
1194,誠に,誠に,本当にの丁寧,,まことに,"indeed, really, absolutely",56
1195,マザコン,マザコン,,,マザコン,being a mama's boy,120
1196,正しく,正しく,,,まさしく,"certainly, surely, undoubtedly",56
1197,勝る,勝る,,,まさる,"To excel, to surpass, to exceed",90
1198,交える,交える,一緒にやる,文化交える経験は非常に豊かです。,まじえる,"To mix, to combine",21
1199,況して,況して,,,まして,"still more, to say nothing of, not to mention",56
1200,交わる,交わる,一緒に入れる事,私たちの道は偶然に交わる～ました。,まじわる,"To cross, to intersect",21
1201,跨る,跨る,①両足を広げて乗る ②渡る,①自転車、机に ②3年間、橋を跨る。,またがる,"To straddle, to step or sit with one leg on each side of something (like a horse)",17
1202,待ち遠しい＊,待ち遠しい,待っている時間が長く感じる,夏休みが待ち遠しいです。,まちどおしい,"Looking forward to, eagerly anticipating",14
1203,待ち望む＊,待ち望む,,彼女は長い間、帰りを待ち望む,まちのぞむ,"to wait eagerly for, to look forward to",131
1204,区々,区々,どこいくかなあ,,まちまち,"various, diverse, different",48
1205,正面②(な),正面②,①風、愛情をまともに受ける。②真面目な、正しい,正面②①な仕事、人間 ②に相手の顔が見られない。,まとも,"Proper, front","12, 39"
1206,マニア,マニア,,あいつはカーマニアだから、車のことならなんでも知ってるよ。,マニア,enthusiast,121
1207,目の当たり＊,目の当たり,,,まのあたり,"Right in front of one's eyes, witnessing firsthand",94
1208,瞬き,瞬き,,彼女は瞬きをしながら微笑んだ。,まばたき,"Blinking, a blink of an eye",16
1209,忠実(な),忠実,,両親に忠実に電話しています。,まめ,"diligent, hardworking",12
1210,丸きり,丸きり,まるで、昔と全く違っている,丸きり違う,まるきり,"completely, absolutely, totally",52
1211,丸々,丸々,①よく太っている ②三日も全部かかる,丸々①形の動物 ②三日,まるまる,"Completely, wholeheartedly",48
1212,丸める,丸める,,,まるめる,"To make round, to roll up",16
1213,回り道＊,回り道,,,まわりみち,"Detour, roundabout way",68
1214,満タン,満タン,,,まんたん,"Full, filled to capacity",125
1215,マンネリ,マンネリ,,月曜日から土曜日はマンネリになりました。,マンネリ,"becoming stereotyped, becoming repetitive",120
1216,見合い＊,見合い,,,みあい,"Arranged marriage, matchmaking",148
1217,見合わせる＊,見合わせる,,,みあわせる,"To postpone, suspend",72
1218,実入り＊,実入り,,,みいり,"crop, harvest, ripeness",86
1219,身動き＊,身動き,,,みうごき,"Movement, mobility",84
1220,見失う＊,見失う,,,みうしなう,"To lose sight of, to lose track of",141
1221,身内,身内,,,みうち,"One's family, relatives",84
1222,見栄っ張り＊,見栄っ張り,,,みえっぱり,"Show-off, pretentious",106
1223,見落とす＊,見落とす,,,みおとす,"To overlook, miss",141
1224,見下ろす＊,見下ろす,,,みおろす,"To look down on, to condescend",72
1225,身軽,身軽,,,みがる,"Nimble, agile",84
1226,右手,右手,,,みぎて,Right hand,66
1227,見下す＊,見下す,,,みくだす,"To look down on, to despise",72
1228,見苦しい＊,見苦しい,言い訳する人,大人なのに床に寝るのは見苦しい。,みぐるしい,"Unsightly, unattractive, embarrassing to look at",14
1229,見事(な),見事,,見事な作品 (歌),みごと,"splendid, magnificent, excellent",79
1230,見知らぬ人＊,見知らぬ人,,,みしらぬひと,"Stranger, unfamiliar person",148
1231,自ら,自ら,,,みずから,Oneself,58
1232,水気,水気,,,みずけ,"Moisture, dampness",68
1233,水に流す＊,水に流す,,,みずにながす,"To let something slide, forgive",115
1234,見窄らしい＊,見窄らしい,,見窄らしい服、性格,みすぼらしい,"shabby, unsightly",38
1235,水疱瘡,水疱瘡,,彼の子供は水疱瘡にかかりました。,みずぼうそう,Chickenpox,25
1236,瑞々しい,瑞々しい,新鮮な野菜,,みずみずしい,"fresh and youthful, lively",36
1237,見せびらかす,見せびらかす,自慢して、態と見せる,彼は新しい車を見せびらかすのが好きです。,みせびらかす,To show off,18
1238,満たす,満たす,,,みたす,"To satisfy, fulfill",90
1239,乱す,乱す,,,みだす,"To disturb, disrupt",90
1240,身近(な),身近,,,みぢか,"near oneself, close to one",84
1241,見違える＊,見違える,,,みちがえる,"To transform, change beyond recognition",141
1242,見っとも無い＊,見っとも無い,見た目が悪い,,みっともない,"shameful, disgraceful, unsightly",38
1243,見積もる＊,見積もる,,,みつもる,"To estimate, calculate",141
1244,見通し＊,見通し,,,みとおし,"Outlook, prospect",72
1245,見なす,見なす,判断する、見て決める,出席を取る時に返事をしないと『欠席』と見なす～ます。,みなす,"To consider, regard as",35
1246,身の上＊,身の上,,,みのうえ,"One's life, fate",84
1247,見逃す＊,見逃す,,,みのがす,"To miss, to overlook",141
1248,身の回り＊,身の回り,,,みのまわり,"One's surroundings, personal belongings",84
1249,見計らう＊,見計らう,,,みはからう,"To plan, arrange",141
1250,見晴らし＊,見晴らし,,,みはらし,"Scenic view, panorama",141
1251,身分,身分,,,みぶん,"Social status, class",84
1252,見舞い＊,見舞い,心配して行く,彼女が入院したので、見舞いに行きました。,みまい,A visit,22
1253,耳に障る＊,耳に障る,,,みみにさわる,"To be annoying, offensive to the ear",142
1254,耳に胼胝ができる＊,耳に胼胝ができる,,,みみにたこができる,to be told or made to hear something so often that you (metaphorically) get calluses on your ears,147
1255,耳に付く＊,耳に付く,,,みみにつく,"To catch one's ear, to be heard",142
1256,耳を貸す＊,耳を貸す,積極的に聞く,友達が悩みを話してきたので、私は耳を貸す～ました。,みみをかす,"to lend an ear to, to listen to",142
1257,耳を傾ける＊,耳を傾ける,,,みみをかたむける,To listen attentively,142
1258,耳を澄ます＊,耳を澄ます,,,みみをすます,"To strain one's ears, listen carefully",142
1259,耳を塞ぐ＊,耳を塞ぐ,,,みみをふさぐ,"To block one's ears, cover one's ears",142
1260,身元,身元,,,みもと,"One's identity, background",84
1261,名字,名字,,,みょうじ,Surname,79
1262,民間,民間,,,みんかん,"private, non-governmental",73
1263,嘔く,嘔く,①不快で腹が立つ、頭にくる ②気持ちが悪くて吐き気がする,,むかく,"To vomit, to feel nauseous",15
1264,むかむか＊＊,むかむか,むかつく、怒っている時,,むかむか,"feeling sick, being angry, being offended",50
1265,浮腫,浮腫,足を,足の浮腫がひどいです。,むくみ,Edema or swelling,22
1266,浮腫む＊,浮腫む,,①足が②体の中の水が浮腫む。,むくむ,"to swell, to become swollen",22
1267,無限に,無限に,,,むげんに,"Infinitely, endlessly",40
1268,無邪気(な),無邪気,子供のように、子供っぽい,子供の無邪気な笑顔は素晴らしいです。,むじゃき,"innocent, simple-minded",12
1269,毟る,毟る,掴んで、中に入っていたものを取り除く、草、毛、羽 (白髪を抜く),彼は草を毟る～りながら庭を整えました。,むしる,"To pluck, to pull out (often used for feathers, hairs, or weeds)",16
1270,結び付く＊,結び付く,(→夜分遅く、すみませんが…),,むすびつく,"To be connected, related",130
1271,噎せる,噎せる,,,むせる,"To choke, to cough, to be unable to breathe briefly",16
1272,無知,無知,知識がない、大雑把,知識を増やして無知を減らしましょう。,むち,"Ignorance, lack of knowledge, unawareness",13
1273,無茶,無茶,ve、普通のレベルを超えている,無茶①な事を言う。②な飲み方をしないでほしい。,むちゃ,"absurd, unreasonable","39, 95"
1274,無茶苦茶(な),無茶苦茶,めちゃくちゃ、すごい,,むちゃくちゃ,"nonsensical, unreasonable",49
1275,空しい,空しい,目標がなくて寂しい,彼の努力は空しい～く終わった。,むなしい,"Empty, hollow, vain",14
1276,胸を抉られるよう＊,胸を抉られるよう,,,むねをくじられるよう,It feels like my chest is being gouged out,147
1277,群がる,群がる,,,むらがる,"To swarm, to gather",90
1278,無論,無論,,,むろん,"of course, certainly",57
1279,名産,名産,,,めいさん,"noted product, local specialty",74
1280,名声,名声,,,めいせい,"fame, reputation, renown",79
1281,明白(な),明白,,,めいはく,"obvious, clear, plain, evident",70
1282,目が肥えている＊,目が肥えている,,,めが こえている,to have refined taste,142
1283,目が冴える＊,目が冴える,,,めが さえる ,to have clear eyes,142
1284,目方,目方,,,めかた,weight,70
1285,目が高い＊,目が高い,,,めがたかい,having high standards,142
1286,目が届く＊,目が届く,,,めがとどく,I can see,142
1287,目が回る＊,目が回る,,旋回アトラクションに乗った後、彼は目が回る～ました。,めがまわる,"to be dizzy, to feel faint",142
1288,恵み,恵み,,,めぐみ,"Blessing, grace",90
1289,恵む,恵む,,,めぐむ,"To bless, to show mercy to, to give (money, etc.)",90
1290,捲る,捲る,重なっている中の一番上の物を剥がす、薄いものを,布団、ページを捲る。,めくる,"To flip, to turn over, to roll up (like flipping a page of a book or rolling up a sleeve)",16
1291,目先,目先,,,めさき,"Before one's eyes, under one's nose, immediate (e.g. Interests)",70
1292,目覚ましい＊,目覚ましい,,目覚ましい成績,めざましい,"Remarkable, striking, brilliant",40
1293,目覚める＊,目覚める,,,めざめる,"To wake up, to awake",92
1294,目下①,目下,,,めした,"Subordinate, junior",70
1295,めちゃ＊＊,めちゃ,めっちゃ、『目茶苦茶』のため最近の若者の言葉,,めちゃ,"absurd, unreasonable, nonsensical",40
1296,目茶苦茶,目茶苦茶,,,めちゃくちゃ,"absurd, unreasonable, nonsensical",40
1297,滅多に〜無い＊,滅多に〜無い,ほとんど〜ない、80〜90%ない,滅多に〜無い風邪を引かない。,めったに～ない,rare,55
1298,目処,目処,,,めど,"aim, goal​",149
1299,目に浮かぶ＊,目に浮かぶ,N1 合格,彼女の笑顔が目に浮かぶと、元気が出る。,めにうかぶ,"to picture, to come into one's mind, to remember",142
1300,目眩,目眩,目が回った感じがして倒れそうになる,①貧血の症状は疲れやすさと ②空腹と疲労で目眩がした。,めまい,Dizziness or vertigo,22
1301,目紛しい＊,目紛しい,目が回っちゃうぐらい,,めまぐるしい,"Rapid, dizzying",43
1302,目を疑う＊,目を疑う,,,めをうたがう,"To doubt one's eyes, to be incredulous",142
1303,目を瞑る＊,目を瞑る,目が開けたり、閉じたりする,目を瞑る～りながら静かに座ってください。,めをつぶる,To close one's eyes,16
1304,目を離す＊,目を離す,,,めをはなす,"To take one's eyes off, to divert one's attention",142
1305,目を引く＊,目を引く,,,めをひく,"To catch one's eye, to be attention-grabbing",142
1306,目を丸くする＊,目を丸くする,,,めをまるくする,To widen one's eyes in surprise,142
1307,面会,面会,人に会うところ、病院 (ただ会う、心配がない)、刑務所,彼は刑務所での面会を待っていました。,めんかい,A visit or interview,22
1308,面する,面する,,,めんする,"To face on, to look out on to",93
1309,設ける,設ける,前から準備している、用意されている,子供たちのために図書室を設ける～ました。,もうける,"To prepare, to provide",92
1310,申し入れる＊,申し入れる,,,もうしいれる,"To make a request, offer",126
1311,申し出る＊,申し出る,,,もうしでる,"To report to, to request, to submit",126
1312,申し分がない＊,申し分がない,①欠点がない ②完璧だ,この絵は申し分がない美しさです。,もうしぶんがない,"Perfect, flawless, no complaints",14
1313,申し訳ありませんが＊,申し訳ありませんが,,,もうしわけありませんが,"I'm sorry, but...",146
1314,猛烈,猛烈,,,もうれつ,"Violent, intense",40
1315,朦朧,朦朧,はっきりわからない,①意見が②霧のため、山が朦朧①とする。②と見えます。,もうろう,Hazy or dim,22
1316,モーニングコール,モーニングコール,,,モーニングコール,morning,133
1317,藻掻く＊,藻掻く,more general sense of writhing or struggling、苦しくて、手足をバタバタと動かす,水の中で藻掻く。,もがく,"To struggle, to wriggle, to writhe (often used metaphorically for struggling or making efforts to escape a difficult situation)",17
1318,目論む＊,目論む,計画を立てる、実行するために、世界進出を,彼は将来の計画を目論む～でいます。,もくろむ,To plan or scheme,20
1319,若しかして＊,若しかして,,,もしかして,"perhaps, possibly, maybe",59
1320,若しかすると＊,若しかすると,,,もしかすると,"perhaps, possibly, maybe",59
1321,齎す,齎す,A=原因、理由でB起こす、引き起こす、発生させる,①台風は被害を ②合格の知らせは ③家族に喜びを齎す。,もたらす,"to bring (news, knowledge, etc.), to cause",35
1322,持ち込む＊,持ち込む,,,もちこむ,"To bring in, introduce",128
1323,目下②,目下,"used in everyday conversation but may not be as widely recognized as ""めした""",目下、遊びに行こう！,もっか,"informal expression for ""tomorrow""",70
1324,専ら,専ら,,,もっぱら,"wholly, solely, entirely",56
1325,持て成す＊,持て成す,ごちそう出す、丁寧に扱う、manner、日本はお持て成しの国,彼女は客を持て成す～てもてなしました。,もてなす,To treat well or entertain,18
1326,持てる,持てる,,彼は学校で非常に持てる人です。,もてる,To be popular or attractive,18
1327,物凄い＊,物凄い,,,ものすごい,"terrific, horrific",40
1328,物足りない＊,物足りない,,この食事は物足りないと感じます。,ものたりない,"Unsatisfying, feeling like something is missing or insufficient",14
1329,物忘れ＊,物忘れ,,,ものわすれ,Forgetfulness,148
1330,最早,最早,,,もはや,"already, now​",58
1331,揉める,揉める,争う、口喧嘩する、トラブルになる,二人の友達が意見の違いから揉める～ました。,もめる,To have a dispute or quarrel,19
1332,最寄り＊,最寄り,,,もより,"nearest, closest",94
1333,盛り上がる＊,盛り上がる,,,もりあがる,"To get excited, to be in high spirits",131
1334,脆い,脆い,①壊れやすい ②力が弱い,①このグラスは③涙脆い①です。②友情,もろい,"brittle, fragile, weak",38
1335,諸に,諸に,,,もろに,"completely, all the way",56
1336,文言,文言,文言葉,,もんごん,wording (esp. of written text),79
1337,自棄に＊,自棄に,,,やけに,"awfully, frightfully, desperately",57
1338,養う,養う,自分の収入でAが生活できるようにする、養子を貰う,彼は多くの子供を養う～ています。,やしなう,To nurture or support,19
1339,野心,野心,,,やしん,Ambition,67
1340,野生,野生,,,やせい,"wild, growing wild, living in the wild",75
1341,痩せっぽち,痩せっぽち,,,やせっぽち,"skinny person, scarecrow",148
1342,矢鱈と,矢鱈と,,,やたらと,"indiscriminately, blindly, at random",57
1343,矢鱈に＊,矢鱈に,,,やたらに,"indiscriminately, blindly, at random",57
1344,遣っ付ける＊,遣っ付ける,相手に酷い目に合わせないように,上司は新しいプロジェクトを私に遣っ付ける～ました。,やっつける,To defeat or overcome,18
1345,家主,家主,,,やねし,Landlord,70
1346,ヤバい＊＊,ヤバい,,この状況はヤバいです。,ヤバい,"Dangerous, risky, or cool (slang)",125
1347,夜分,夜分,,,やぶん,Late at night,146
1348,病む,病む,,,やむ,To fall ill,90
1349,ややこしい＊＊,ややこしい,複雑でわかりずらい,,ややこしい,"complicated, complex, confusing",38
1350,やり遂げる,やり遂げる,,,やりとげる,"To accomplish, complete",131
1351,和らぐ,和らぐ,穏やかな状態にする,薬を飲んだら痛みが和らぐ～だ。,やわらぐ,"To soften, to calm down",22
1352,和らげる,和らげる,痛みを,この薬は痛みを和らげるのに効果的です。,やわらげる,To alleviate or ease,22
1353,憂鬱,憂鬱,気持ちが晴れない、ブレー、嫌な事がある,憂鬱①な日②だ。,ゆううつ,"Depression, melancholy",37
1354,有益,有益,,,ゆうえき,"Beneficial, advantageous",88
1355,誘拐,誘拐,する,警察は誘拐事件を解決しようとしています。,ゆうかい,To kidnap,18
1356,勇敢(な),勇敢,勇気がある,勇敢な兵士たちは敵と戦っています。,ゆうかん,"Brave, courageous, valiant",12
1357,有する,有する,,,ゆうする,"To possess, have",88
1358,Uターン②,Uターン,,,ユーターン,U-turn,124
1359,裕福(な),裕福,お金持ち,裕福な人も貧乏人も死ぬを恐れる,ゆうふく,"wealthy, rich",12
1360,有望(な),有望,,①火星が私たちが住めそうな③彼は前途有望な①場所②選手③な若者である。,ゆうぼう,"full of hope, promising","12, 88"
1361,悠々,悠々,①落ち着いてゆっくり ②十分余裕がある,①待ち合わせに悠々①と散歩する。②間に合う。,ゆうゆう,"quiet, calm, composed",50
1362,有力,有力,(する),,ゆうりょく,"Influential, prominent","77, 88"
1363,歪む,歪む,,,ゆがむ,"to warp, to bend",138
1364,濯ぐ②,濯ぐ,,口を濯ぐ②～でください。,ゆすぐ,"to rinse, to wash out​",20
1365,揺する,揺する,,子犬を優しく揺すると、眠りにつきます。,ゆする,To shake or jolt,20
1366,ゆとり＊＊,ゆとり,,,ゆとり,"room, reserve, margin, allowance",149
1367,ユニットバス,ユニットバス,"Wasei, word made in Japan, From English “unit bath”",,ユニットバス,"modular bath, prefabricated bath",124
1368,指差す＊,指差す,,地図で場所を指差す～て教えてください。 ,ゆびさす,to point at,88
1369,緩む,緩む,自動詞、ルールが、Xきつくする、気が緩くしてしまって、事故があった。,ネクタイを緩む～えて、寛いでください。,ゆるむ,To loosen or slacken,20
1370,緩める,緩める,ものを緩くすること,このベルトを緩める～てください。,ゆるめる,To loosen or relax,20
1371,緩やか(な),緩やか,X きつい,緩やかな川、坂、生活,ゆるやか,"Gentle, gradual",36
1372,夜明け＊,夜明け,,,よあけ,"Dawn, daybreak",70
1373,洋式,洋式,,,ようしき,Western style,86
1374,用心深い＊,用心深い,,彼は用心深い性格で、よく計画を立てます。,ようじんぶかい,"Careful, cautious, watchful",12
1375,要する,要する,,,ようする,"To require, need",93
1376,腰痛,腰痛,,最近、腰痛がひどい～くて、歩くのが難しい。,ようつう,Ower back (or hip) pain,25
1377,用品,用品,,,ようひん,"Articles, supplies",75
1378,洋風,洋風,,,ようふう,Western style,86
1379,欲深い＊,欲深い,良くない、卑しい,彼は金持ちでありながら、欲深い性格をしています。,よくぶかい,"Greedy, avaricious, covetous",13
1380,避ける②,避ける,"to avoid, to evade、ボール、人を",事故を避けるために、安全運転が大切です。,よける,to avoid (physical contact with)​,17
1381,予告,予告,,大雪の予告が出ています,よこく,"advance notice, trailer (film, TV)",87
1382,寄越す＊,寄越す,手紙をよこす。=手紙を受け取る、お金をよこせ=金を渡せ,書類を寄越す前に、よく確認してください。,よこす,To send or forward,20
1383,横になる＊,横になる,,頭痛が酷いので、横になる～ます。,よこになる,To lie down (and rest),17
1384,善し悪し,善し悪し,,,よしあし,"right or wrong, good or bad, quality",94
1385,寄せ集める＊,寄せ集める,,,よせあつめる,"To gather, collect haphazardly",130
1386,よその人,よその人,"余所= another place, somewhere else",,よその人,"stranger, outsider",148
1387,呼び捨て＊,呼び捨て,,,よびすて,"Addressing someone informally, without honorifics",148
1388,呼び止める＊,呼び止める,,,よびとめる,"To call out to, detain",131
1389,余程,余程,よっぽど,,よほど,"very, greatly, much",56
1390,読み上げる＊,読み上げる,,,よみあげる,"To read aloud, recite",127
1391,蘇る,蘇る,①②生き返る ③一度、ほぼなくなったものが盛んになる,①人工呼吸で②雨で草木が③記憶(思い出)が蘇る。,よみがえる,"To revive, be resurrected",34
1392,読み取る＊,読み取る,,,よみとる,"to read and understand, to take in",127
1393,寄り掛かる＊,寄り掛かる,,,よりかかる,"To lean, rely on",130
1394,寄り添う＊,寄り添う,,,よりそう,"To cuddle, be close to",130
1395,弱まる,弱まる,,嵐は徐々に弱まる～ました。,よわまる,To weaken,22
1396,弱める,弱める,,音楽のボリュームを少し弱める～てください。,よわめる,To weaken,22
1397,弱る,弱る,,長い病気の後、彼の体力は弱る～ました。,よわる,To become weak,22
1398,楽天的(な),楽天的,,,らくてんてき,"Optimistic, positive",97
1399,ラフ(な)＊＊,ラフ,,,ラフ,rough,122
1400,理屈っぽい＊,理屈っぽい,真面目すぎる、ルールを、私です,彼は理屈っぽい人で、感情的ではありません。,りくつっぽい,"Overly logical, argumentative, pedantic (focused on logical reasoning)","13, 43"
1401,利子,利子,,,りし,"Interest (on a loan, deposit, etc.)",88
1402,リストラ,リストラ,,,リストラ,Restructuring or downsizing,120
1403,利息,利息,,,りそく,"interest (on a loan, deposit etc.)​",88
1404,立体,立体,,,りったい,Three-dimensional,73
1405,リップサービス,リップサービス,,,リップサービス,lip service,124
1406,利点,利点,,,りてん,"Advantage, good",88
1407,リハビリ,リハビリ,リハビリテーションをする、受ける,けがをした後、リハビリを受けました。,リハビリ,Rehabilitation,22
1408,リフォーム,リフォーム,,,リフォーム,"renovation (e.g. a house), redecoration",123
1409,凛々しい,凛々しい,Vaibhi,彼女は凛々しい美しさを持っています。,りりしい,"Gallant, dignified, noble",12
1410,流暢,流暢,ぺらぺら,流暢①に話す②だ。,りゅうちょう,"Fluent, smooth",37
1411,ルーズ(な),ルーズ,だらしない、時間守らない、ちゃんとしていない、恋人がいるのに他の人にデートする,彼は時間に対してルーズな傾向があります。,ルーズ,Loose or careless,"13, 121"
1412,恋愛,恋愛,,,れんあい,"Love, passion, emotion",148
1413,連休,連休,,,れんきゅう,Consecutive holidays,86
1414,連帯,連帯,,,れんたい,"Solidarity, mutual support",86
1415,レントゲン,レントゲン,,,レントゲン,X-ray,121
1416,碌な～ない＊,碌な～ない,正常な、正しい,①その映画は碌な～ない①面白さがなかった。②商品じゃ無い。③食事をしていない。,ろくな,No descent ～,39
1417,碌に～ない＊,碌に～ない,hardly、十分にない、満足できるほど〜ない,③私は碌に～ない①食べていない。②休みが取れない。③英語が話せない。,ろくに,Hardly ～,55
1418,露骨(な),露骨,骨まで見える、気持ちを表に出す,露骨に嫌がる。,ろこつ,"open, unconcealed, undisguised",39
1419,若々しい,若々しい,,彼女は年齢よりも若々しいです。,わかわかしい,"youthful, young",12
1420,わくわく＊＊,わくわく,すごい楽しいすること,,わくわく,"to be excited, to be nervous",50
1421,態々,態々,そのためだけに特別に、苦労して,態々銀座までチョコレートを買いに行った。,わざわざ,"especially, specially",51
1422,和式,和式,,,わしき,Japanese style,86
1423,僅か(な),僅か,,②財布の中には僅か①５歳の子供が英検2級に合格しました。②500円しかない。,わずか,"a little, a few, small",61
1424,煩わしい,煩わしい,二さん,この問題は煩わしいですが、解決しなければなりません。,わずらわしい,"Annoying, troublesome, bothersome",14
1425,和風,和風,,,わふう,Japanese style,86
1426,割り当てる＊,割り当てる,,,わりあてる,"to assign, to allot, to allocate",127
1427,割り込み＊,割り込み,,,わりこみ,"Interruption, intrusion",127
1428,割り込む＊,割り込む,,会話に割り込むのは失礼です。,わりこむ,"to cut into (a line, conversation, etc.), to force oneself into (e.g. a crowd)",127
1429,悪いけど,悪いけど,,,わるいけど,"Sorry, but...",146
1430,ワンパターン,ワンパターン,,,ワンパターン,"following a single pattern, conforming to the same pattern",124
1431,習うより慣れる＊,習うより慣れる,,,ならうよりなれる,Practice makes perfect,151
1432,雨降って地固まる＊,雨降って地固まる,,,あめふってじかたまる,Adversity makes people come together,151
1433,急がば回れ＊,急がば回れ,,,いそがばまわれ,Take the long way to hurry,151
1434,馬の耳に念仏＊,馬の耳に念仏,Buddhist prayers in a horse's ear,,うまのみみにねんぶつ,"it's futile to tell something to someone who won't listen, understand",151
1435,猿も木から落ちる＊,猿も木から落ちる,Even monkeys fall from trees,,さるもきからおちる,even experts or experienced individuals can make mistakes,151
1436,親しき中にも礼儀あり＊,親しき中にも礼儀あり,"Even among close friends, there is etiquette",,したしきなかにもれいぎあり,the importance of maintaining good manners and courtesy even with people you are close to,151
1437,辺り,辺り,,一晩中、雪が降り続き、辺り一面が真っ白になった。,あたり,"(in the) neighbourhood, neighborhood, vicinity, nearby, surroundings",112
1438,涸れる,涸れる,,川が干ばつで涸れる～た。,かれる,"to dry up (spring, pond, etc.)",138
1439,嗄れる,嗄れる,,一日中叫んでいたので、彼の声が嗄れる～た。,かれる,to grow hoarse,138
1440,敵う,敵う,対等である、彼が一番,①彼に②彼には敵う①者がいない。②～ない。,かなう,"to suit (e.g. a purpose), to meet (wishes, ideals, etc.)",31
1441,挟む,挟む,,,はさむ,"to hold between (e.g. one's fingers, chopsticks)",102
1442,滑る,滑る,,,すべる,"to glide, to slide (e.g. on skis)",103
1443,繋がる,繋がる,,,つながる,"to be tied together, to be connected to",103
1444,通る,通る,,,とおる,"To pass, go along, to run (between, of a rail service, bus route, etc.",104
1445,引く,引く,,,ひく,"To pull, draw",104
1446,乗る,乗る,,,のる,"To get on (train, plane, bus, ship, etc.), to board",104
1447,回す,回す,,,まわす,"To turn, rotate",105
1448,張る,張る,X弛るんでいる (たるんでいる),紐、ロープがピーンと張る～ている。,はる,"to stretch, to spread, to strain, to tighten",106
1449,送る,送る,,,おくる,"To send (a thing), to dispatch",106
1450,解ける②,解ける,,パズルがやっと解ける～た。,とける,"to be solved, to be resolved",106
1451,溶ける,溶ける,,アイスクリームが太陽の下で溶ける～た。,とける,to melt,106
1452,飛ぶ,飛ぶ,,,とぶ,"to fly, to soar​",106
1453,結ぶ,結ぶ,,,むすぶ,To tie,107
1454,甘いくて美味しい＊,甘いくて美味しい,あまい,このトマトは甘いくて美味しい,あまい,"Sweet-tasting, sweet, sugary",108
1455,味噌汁はちょっと甘い＊,味噌汁はちょっと甘い,塩分が少ない,今朝の味噌汁はちょっと甘い,味噌汁はちょっとあまい,Less saulty,108
1456,甘い声＊,甘い声,優しく快い,甘い声で囁く,あまい声,Sweat,108
1457,考えが甘い＊,考えが甘い,安易だ,考えが甘い,考えがあまい,"easy, simple",108
1458,受験したのは甘かった＊,受験したのは甘かった,,準備無しで受験したのは甘かった,受験したのはあまかった,Underestimated,108
1459,仕事を甘く見る＊,仕事を甘く見る,簡単に,仕事を甘く見る,仕事をあまく見る,simply,108
1460,見通しが甘い＊,見通しが甘い,,見通しが甘い,見通しがあまい,overly,108
1461,ネジが甘い＊,ネジが甘い,緩い,このネジが甘いからすぐに外れる。,ネジがあまい,Loose,108
1462,硬い,硬い,"X軟らかい、もの (石、体), 固い and 堅い for wood, 硬い for metal and stone",②表情が硬い①椅子,かたい,"Solid, tough​",108
1463,堅い,堅い,しっかりした,堅い握手を交わす,かたい,"strong, firm",108
1464,固い,固い,,①氷が②彼は頭が固い①～くなりました。②人で、なかなか考えを変えません。,かたい,"stiff, tight",108
1465,難い①,難い,難しい,難い話を辞めよう。,かたい,"Difficult, hard",108
1466,口が堅い＊,口が堅い,X 口が軽い,,口がかたい,"tight-lipped, able to keep a secret​",108
1467,頭が固い＊,頭が固い,頑固だ,父は頭が固い,頭がかたい,Stubborn,108
1468,かたい商売＊,かたい商売,安全な,かたい商売をする。,かたい商売,Stable,108
1469,合格はかたい＊,合格はかたい,確実だ,彼の合格はかたい,合格はかたい,certainly,108
1470,かたく禁する＊,かたく禁する,絶対に,外出をかたく禁する。,かたいく禁する,Prohibited,108
1471,明るいブルー＊,明るいブルー,,明るいブルー,あかるいブルー,Bright,108
1472,明るい性格＊,明るい性格,,明るい性格②声,あかるい性格,Cheerful,108
1473,政治に明るい＊,政治に明るい,詳しい,彼は政治に明るい,政治にあかるい,Knows a lot,108
1474,見通しが明るい＊,見通しが明るい,,今後の見通しが明るい,見通しがあかるい,Very good,108
1475,自転車のペダルは重い＊,自転車のペダルは重い,,①酸素は水素より②この自転車のペダルは重い,自転車のペダルはおもい,"Heavy, weighty​",109
1476,重い地位＊,重い地位,重要な,重い地位につく,おもい地位,Important,109
1477,動きが重い＊,動きが重い,遅い,パソコンの動きが重い,動きがおもい,Slow,109
1478,会議の内容は重かった＊,会議の内容は重かった,深刻だった,今日の会議の内容は重かった,会議の内容はおもかった,Serious,109
1479,頭が重い＊,頭が重い,すっきりしない,寝不足で頭が重い,頭がおもい,Not working well,109
1480,気が重い＊,気が重い,憂鬱だ,その仕事を断るのは気が重い,気がおもい,Reluctantly,109
1481,対応が不味い＊,対応が不味い,良くない,対応が不味い,対応がまずい,Deal with … very poorly,109
1482,歌は不味い＊,歌は不味い,下手だ,彼の歌は不味い,歌はまずい,bad,109
1483,人に聞かれると不味い＊,人に聞かれると不味い,都合が悪い,①人に聞かれると不味い②ことになった,人に聞かれるとまずい,Trouble,109
1484,顔が不味い＊,顔が不味い,不細工だ,かれは性格はいいが顔が不味い,顔がまずい,Not handsome,109
1485,強く結ぶ＊,強く結ぶ,きつく,紐を強く結ぶ,つよく結ぶ,Tight,110
1486,寒さに強い＊,寒さに強い,,この木は寒さに強い,寒さにつよい,～hardy,110
1487,日差しが強い＊,日差しが強い,,①彼は意志が ②今日は日差しが強い②ですね。 ,日差しがつよい,Strong,110
1488,機械に強い＊,機械に強い,,兄は機械に強い,機械につよい,Knows a lot,110
1489,強く注意＊,強く注意,,学生に強く注意する。,つよく注意,Strict,110
1490,気が強い＊,気が強い,,彼女は気が強い,気がつよい,Strong minded,110
1491,馬鹿なことをする＊,馬鹿なことをする,,②友人に①馬鹿なことをする。②にされる。,ばかなことをする,(①I did ②I did it to someone else) Stupid,110
1492,交通費が馬鹿にならない＊,交通費が馬鹿にならない,軽視できない,交通費が馬鹿にならない。,交通費がばかにならない,Can't ignore,110
1493,馬鹿を見る＊,馬鹿を見る,損をする,自分だけが馬鹿を見る。,ばかを見る,Loss,110
1494,ネジが馬鹿になる＊,ネジが馬鹿になる,緩くなって使えない,ネジが馬鹿になる。,ネジがばかになる,Loose and unusable,110
1495,馬鹿に寒い＊,馬鹿に寒い,非常に,今日は馬鹿に寒い。,ばかに寒い,Very,110
1496,専門馬鹿＊,専門馬鹿,,①親 ②専門馬鹿,専門ばか,Less ～,110
1497,馬鹿力＊,馬鹿力,,①馬鹿力 ②正直,ばかぢから,Over ～,110
1498,彼の後＊,彼の後,,①故郷を②彼の後①にする。②をつける。,彼のあと,follow,110
1499,後が心配＊,後が心配,,入社はできたが、後が心配だ。,あとが心配,Not sure,110
1500,後5分＊,後5分,,後5分で始まる。,あと5分,after,110
1501,後は来月＊,後は来月,残っている,後は来月払います。,あとは来月,Remaining,110
1502,後に回す＊,後に回す,,面倒なことを後に回す。,あとに回す,Left aside,110
1503,後を絶たない＊,後を絶たない,次々に起こる,事故が後を絶たない。,あとを絶たない,One after another,110
1504,跡を継ぐ＊,跡を継ぐ,残り,社長の跡を継ぐ。,あとを継ぐ,Take over,110
1505,跡+,跡,,書き直した跡がある。,あと,Signs,110
1506,歯の根＊,歯の根,,①雑草を②歯の根①から抜く。,歯のね,root (of a plant),111
1507,根は深い＊,根は深い,,その問題の根は深い。,ねは深い,Root is deep,111
1508,息の根を止める＊,息の根を止める,,息の根を止める。,息のねを止める,Strangle someone,111
1509,根は正直だ＊,根は正直だ,本来の性質,彼は根は正直だ。,ねは正直だ,Honest,111
1510,根に持っている＊,根に持っている,,彼は昔のことを根に持っている。,ねに持っている,To keep to self with botter feeling,111
1511,波が高い＊,波が高い,,台風が近づいていて波が高い。,なみが高い,wave,111
1512,人の波＊,人の波,大きな流れ,人の波に押される。,人のなみ,crowed,111
1513,波がある＊,波がある,感情の変化が大きい,彼は感情に波がある。,なみがある,moody,111
1514,波に乗る＊,波に乗る,傾向に従う,国際化の波に乗る。,なみに乗る,follow the trend,111
1515,この辺り＊,この辺り,辺り,この辺りは民家が多い。,このあたり,Around here,112
1516,今月の末辺り＊,今月の末辺り,ごろ,今月の末辺りは両親が来る。,今月の末あたり,Around,112
1517,風当たりが強い＊,風当たりが強い,,風当たりが強い,風あたりが強い,①Be windy ②Severly criticised,112
1518,大当たり＊,大当たり,大成功,その映画は大当たりだった。,大あたり,Big hit,112
1519,当たりをつける＊,当たりをつける,見当,当たりをつける。,あたりをつける,Make a guess,112
1520,籤に当たった＊,籤に当たった,当選した,籤に当たった。,くじにあたった,Won a prise,112
1521,足の筋＊,足の筋,,①足の筋①を痛める。②筋の多い肉,足のすじ,Muscle,112
1522,爪に白い筋＊,爪に白い筋,線,爪に白い筋が入っている。,爪に白いすじ,line,112
1523,野菜の筋＊,野菜の筋,,野菜の筋を取る。,野菜のすじ,Tough parts,112
1524,筋が浮ぶ＊,筋が浮ぶ,血管,筋が浮ぶ～て見える腕,すじが浮ぶ,Vains,112
1525,物語の筋＊,物語の筋,,①物語の筋②の通った話,物語のすじ,Source (term used by newspapers),112
1526,筋がいい＊,筋がいい,素質,筋がいいから、上達が早そうだ。,すじがいい,Got talent,112
1527,～先,～先,,①行き②取引～先,～さき,"destination, address, place where you do something",112
1528,指の先＊,指の先,,トンボが指の先に止まる。,指のさき,"point, tip, end, nozzle",112
1529,先へ進む＊,先へ進む,前,目的地を目指して先へ進む,さきへ進む,"(the way) ahead, beyond",112
1530,話の先＊,話の先,続き,話の先を聞かせてください。,話のさき,Continuation,112
1531,名簿の先＊,名簿の先,始め,名簿の先のほうに名前が出ている。,めいぼのさき,"First, before, ahead (of)",112
1532,先にお知らせした＊,先にお知らせした,以前,先にお知らせしたとおり,さきにお知らせした,"previous, prior, former",112
1533,先のこと＊,先のこと,将来,先のことはわからない。,さきのこと,future,112
1534,先に払う＊,先に払う,食事の前に,食事代を先に払う,さきに払う,before,112
1535,分かれ道＊,分かれ道,,分かれ道を右に引く。,分かれみち,"branch road, forked road",113
1536,道は険しい＊,道は険しい,,合格への道は険しい。,みちは険しい,The road is difficult,113
1537,お金の使い道＊,お金の使い道,使う方法,お金の使い道を考える。,お金の使いみち,the way money is spent,113
1538,人の道＊,人の道,,人の道に外れる。,人のみち,the way of people,113
1539,その道の権威だ＊,その道の権威だ,分野,彼はその道の権威だ,そのみちのけんいだ,the authority of that road,113
1540,仏の道＊,仏の道,,仏の道を説く。,仏のみち,the way of Buddha,113
1541,種①,種,,種を播く。,たね,"Seed (e.g. Of a plant), kind, material (e.g. For an article), ingredient",113
1542,悩みの種＊,悩みの種,,悩みの種,悩みのたね,"cause, source",113
1543,寿司の種＊,寿司の種,材料,寿司の種,寿司のたね,material (e.g. for an article),113
1544,話の種＊,話の種,,話の種,話のたね,origin,113
1545,手品の種＊,手品の種,仕掛け,手品の種を明かす。,手品のたね,"mechanism (of a magic trick, etc.), secret, trickery",113
